strike_type,strike_group,strike_frame,Neck_x,Neck_y,RShoulder_x,RShoulder_y,RElbow_x,RElbow_y,RWrist_x,RWrist_y,LShoulder_x,LShoulder_y,LElbow_x,LElbow_y,LWrist_x,LWrist_y,RHip_x,RHip_y,RKnee_x,RKnee_y,RAnkle_x,RAnkle_y,LHip_x,LHip_y,LKnee_x,LKnee_y,LAnkle_x,LAnkle_y
forehand,f3171e8bb3c28dc3e174b6aabc665ea4,13,175.477,148.111,181.346,146.182,162.767,151.058,150.062,144.231,168.616,151.016,166.69,177.445,147.147,168.701,184.302,206.778,198.914,249.777,223.406,283.99,167.686,207.765,149.078,246.804,147.124,293.774
forehand,f3171e8bb3c28dc3e174b6aabc665ea4,14,171.581,150.071,176.459,148.124,155.945,150.073,143.197,141.265,167.626,152.028,167.633,182.34,150.057,175.423,182.308,208.708,195.992,252.68,222.439,283.002,166.697,209.714,146.151,247.836,146.152,293.813
forehand,f3171e8bb3c28dc3e174b6aabc665ea4,15,169.609,152.006,175.433,151.011,153.959,150.047,137.406,142.23,167.633,153.994,168.655,184.275,150.074,175.486,175.506,213.615,145.192,248.808,146.158,293.806,168.632,214.571,192.078,253.731,222.402,282.027
forehand,f3171e8bb3c28dc3e174b6aabc665ea4,16,166.68,151.999,166.67,149.094,150.08,147.129,136.362,143.198,167.663,153.968,174.5,185.238,151.981,175.481,177.458,214.56,191.071,254.618,220.452,280.08,167.636,214.595,145.15,246.831,146.144,293.761
forehand,f3171e8bb3c28dc3e174b6aabc665ea4,17,160.865,152.053,168.621,152.974,169.617,183.333,150.068,172.544,153.005,151.038,136.37,145.199,135.389,140.295,161.794,215.532,144.232,249.764,146.178,293.792,175.486,215.599,189.159,255.634,218.514,279.129
forehand,f3171e8bb3c28dc3e174b6aabc665ea4,18,162.795,153.966,167.679,152.968,152.996,158.849,141.273,151.032,159.85,154.955,171.584,188.201,152.975,172.542,164.731,214.58,144.161,247.842,146.183,293.809,173.511,215.537,185.297,255.622,216.537,279.086
forehand,f3171e8bb3c28dc3e174b6aabc665ea4,19,160.828,153.039,158.844,152.052,140.307,153.96,139.336,151.98,165.711,154.98,169.645,186.231,152.05,168.663,160.802,215.588,144.152,247.859,146.182,293.784,175.46,216.55,185.263,255.629,215.555,278.167
forehand,f3171e8bb3c28dc3e174b6aabc665ea4,1,198.956,159.835,193.11,159.869,194.065,185.256,207.721,175.511,203.835,158.857,215.586,168.597,228.274,176.424,193.099,214.595,222.366,248.816,219.475,299.635,186.24,214.584,184.257,252.709,160.843,285.907
forehand,f3171e8bb3c28dc3e174b6aabc665ea4,20,160.804,154.949,156.919,153.02,137.349,153.989,138.337,152.013,167.622,155.953,170.617,185.289,152.986,168.609,159.855,215.601,144.166,250.742,146.182,293.805,174.509,216.559,185.247,254.664,214.604,279.1
forehand,f3171e8bb3c28dc3e174b6aabc665ea4,21,160.8,152.02,155.945,151.014,137.33,154.002,136.415,151.056,166.697,152.986,169.654,184.239,152.027,166.698,159.825,214.579,144.226,250.743,146.173,293.806,174.499,214.617,184.291,253.674,214.582,279.102
forehand,f3171e8bb3c28dc3e174b6aabc665ea4,22,160.791,151.04,157.886,151.026,151.992,157.913,138.333,153.987,164.728,150.079,169.638,182.291,150.068,164.734,159.834,214.562,145.168,249.772,146.165,293.793,175.445,213.611,185.242,252.706,213.606,278.115
forehand,f3171e8bb3c28dc3e174b6aabc665ea4,3,197.936,157.873,198.9,158.848,192.124,181.343,200.909,191.13,195.033,154.961,191.136,182.329,202.84,186.234,193.061,214.563,218.48,247.859,219.454,299.644,183.326,212.636,183.303,250.767,160.782,285.904
forehand,f3171e8bb3c28dc3e174b6aabc665ea4,4,195.023,154.946,197.981,156.916,192.082,184.269,204.794,196.01,191.15,153.028,174.498,175.444,178.431,192.137,191.099,207.739,215.582,247.857,218.502,300.602,178.399,206.747,180.386,247.843,159.85,285.94
forehand,f3171e8bb3c28dc3e174b6aabc665ea4,5,189.179,153.005,196.008,154.006,194.066,184.282,207.742,199.943,182.319,152.004,169.597,163.771,176.438,183.26,192.066,208.739,214.53,252.703,218.513,300.621,176.493,207.719,176.464,247.846,159.823,285.964
forehand,f3171e8bb3c28dc3e174b6aabc665ea4,6,190.147,151.034,198.97,153.997,201.867,186.258,219.488,206.741,178.44,145.162,160.784,157.89,168.617,176.435,193.109,207.722,208.727,253.661,218.511,300.587,176.434,205.787,174.479,246.842,159.855,284.936
forehand,f3171e8bb3c28dc3e174b6aabc665ea4,7,185.252,146.189,199.888,153.037,207.734,188.201,226.321,199.88,172.563,141.258,154.939,158.846,167.638,170.585,191.146,207.72,206.726,252.677,219.477,297.676,172.546,206.735,168.628,245.877,159.861,284.931
forehand,f3171e8bb3c28dc3e174b6aabc665ea4,8,183.345,144.24,198.915,151.039,205.759,183.256,214.582,185.29,168.69,138.35,154.968,161.807,159.85,159.799,190.148,204.806,202.871,248.803,218.507,293.759,169.607,201.863,162.795,242.925,159.864,280.102
forehand,f3171e8bb3c28dc3e174b6aabc665ea4,9,182.323,144.176,192.085,148.117,192.121,175.484,199.947,174.495,169.65,138.345,159.801,165.694,169.616,166.66,188.178,203.82,199.963,245.843,220.438,290.811,168.692,201.88,159.847,239.996,159.791,280.074
forehand,f462082584fa2f6b6b7b5551501ce7ca,0,409.081,148.118,420.848,152.052,442.336,179.382,465.813,196.967,394.413,145.187,0,0,0,0,404.257,213.61,419.874,253.662,420.874,302.562,383.715,207.773,370.014,253.665,350.488,293.775
forehand,f462082584fa2f6b6b7b5551501ce7ca,10,438.455,113.917,449.186,113.87,427.681,129.523,0,0,426.697,115.838,409.09,139.326,396.428,129.564,447.249,185.262,451.139,238.039,464.865,292.791,428.655,184.263,394.442,216.526,380.796,269.284
forehand,f462082584fa2f6b6b7b5551501ce7ca,11,441.33,118.792,451.162,117.794,433.573,105.088,418.92,98.2253,427.682,120.745,411.038,145.214,397.398,133.431,450.163,191.1,456.023,239.998,465.85,292.825,432.575,189.151,396.447,222.399,387.661,272.271
forehand,f462082584fa2f6b6b7b5551501ce7ca,12,437.479,123.662,441.367,123.671,411.081,153.986,402.23,136.345,430.637,125.61,411.046,153.023,401.283,134.421,450.162,192.128,457.034,244.857,467.77,293.743,434.555,192.089,402.256,230.209,397.393,278.151
forehand,f462082584fa2f6b6b7b5551501ce7ca,13,442.353,128.569,454.086,128.518,425.706,159.856,0,0,433.544,133.456,413.995,160.842,403.233,138.323,454.092,198.949,457.995,247.848,466.813,297.657,435.517,198.937,406.19,237.995,408.135,285.939
forehand,f462082584fa2f6b6b7b5551501ce7ca,14,441.376,141.277,432.564,145.152,419.891,172.55,411.066,153.032,450.198,137.395,466.776,136.367,450.155,124.669,450.188,206.73,457.979,254.637,473.614,301.551,442.357,206.764,410.129,246.856,417.883,294.773
forehand,f462082584fa2f6b6b7b5551501ce7ca,1,411.128,143.24,427.708,148.102,450.153,177.467,473.596,197.984,395.462,137.344,382.73,146.151,394.423,136.382,411.112,210.665,422.792,253.631,422.79,301.591,388.569,205.777,371.931,246.876,354.358,291.778
forehand,f462082584fa2f6b6b7b5551501ce7ca,2,416.908,136.41,433.577,144.156,456.038,176.436,474.652,193.064,399.319,129.59,376.834,140.305,389.575,151.047,417.889,206.769,424.713,252.703,424.742,300.643,394.42,199.948,371.988,245.868,356.365,285.97
forehand,f462082584fa2f6b6b7b5551501ce7ca,3,418.893,129.552,436.474,136.338,456.019,167.68,473.675,186.239,402.234,125.618,378.807,136.36,0,0,420.837,199.952,424.771,247.85,425.772,300.589,397.395,196.974,378.786,237.05,363.209,279.109
forehand,f462082584fa2f6b6b7b5551501ce7ca,4,419.898,122.717,437.464,128.516,449.208,153.02,463.864,169.623,403.28,120.718,379.845,136.362,384.681,133.447,425.707,196.004,426.704,244.904,427.716,300.585,403.219,191.129,379.815,229.23,369.984,274.224
forehand,f462082584fa2f6b6b7b5551501ce7ca,5,424.73,120.694,439.403,121.702,442.327,145.203,457.995,153.956,409.107,117.796,384.661,131.486,388.625,119.763,429.632,189.177,433.501,240.012,434.498,295.737,410.056,184.299,382.735,222.38,371.003,268.314
forehand,f462082584fa2f6b6b7b5551501ce7ca,6,426.684,114.892,440.399,118.766,0,0,0,0,412.083,113.911,387.665,129.542,397.391,111.935,434.523,187.211,435.508,239.035,441.347,294.761,413.017,184.263,386.593,215.599,371.014,262.456
forehand,f462082584fa2f6b6b7b5551501ce7ca,7,427.714,113.906,441.411,114.869,427.716,121.7,0,0,415.951,113.889,390.562,129.583,402.26,111.943,439.4,184.297,441.321,238.07,448.234,293.737,418.878,183.271,387.6,214.538,371.954,260.518
forehand,f462082584fa2f6b6b7b5551501ce7ca,8,432.552,112.924,441.4,112.922,418.875,114.893,0,0,419.892,112.926,396.398,130.498,400.311,111.924,442.327,184.26,442.374,237.057,456.045,290.819,424.733,182.299,388.616,213.602,372.012,261.494
forehand,f462082584fa2f6b6b7b5551501ce7ca,9,435.544,113.882,445.276,113.872,425.701,128.578,0,0,426.742,113.922,403.295,138.331,398.352,122.704,444.317,185.247,449.162,237.06,460.923,290.819,426.708,183.321,392.512,214.566,377.814,262.477
forehand,fb08e8c6923aef40eb612435ab7a9243,0,214.594,149.096,217.522,151.011,221.387,166.68,231.196,160.855,209.704,146.188,220.437,160.853,230.194,159.858,206.796,184.273,217.507,214.545,213.613,239.003,198.958,183.266,199.874,203.824,193.075,229.239
forehand,fb08e8c6923aef40eb612435ab7a9243,10,207.72,150.051,214.608,152.983,213.617,168.621,213.561,176.487,199.916,145.16,191.114,154.944,0,0,200.933,181.323,197.935,200.923,191.134,223.387,192.118,176.492,192.147,200.886,191.141,222.385
forehand,fb08e8c6923aef40eb612435ab7a9243,11,206.795,151.009,214.559,152.994,212.61,168.686,208.71,176.503,199.889,145.199,191.144,158.831,192.09,154.003,200.89,181.33,195.045,201.885,190.138,223.412,192.061,176.466,192.081,200.888,190.115,222.373
forehand,fb08e8c6923aef40eb612435ab7a9243,12,206.799,150.072,214.553,152.971,209.678,168.685,206.752,176.49,199.908,145.203,192.082,158.833,193.08,157.896,199.959,180.346,195.026,200.927,188.194,223.386,191.134,175.513,192.064,199.948,190.14,222.377
forehand,fb08e8c6923aef40eb612435ab7a9243,13,207.7,150.07,214.593,152.052,212.624,167.619,206.787,171.58,199.893,145.231,192.093,157.86,193.088,152.015,201.862,182.31,195.022,202.845,189.15,223.363,192.08,177.443,191.144,200.914,189.165,222.39
forehand,fb08e8c6923aef40eb612435ab7a9243,14,207.725,150.071,214.594,152.044,211.631,163.764,0,0,199.952,145.237,192.116,158.837,191.137,155.929,201.897,182.296,196.025,202.867,190.126,222.44,192.127,177.438,191.088,200.9,188.207,222.384
forehand,fb08e8c6923aef40eb612435ab7a9243,15,207.71,149.097,214.561,151.992,210.672,160.855,0,0,199.948,145.229,193.08,158.865,189.177,160.814,203.815,181.339,197.935,202.845,191.125,222.407,193.08,177.446,191.123,200.878,191.09,222.387
forehand,fb08e8c6923aef40eb612435ab7a9243,16,206.807,149.068,214.559,151.04,211.631,160.852,0,0,199.917,145.233,192.128,159.856,191.106,159.854,203.822,180.386,197.98,202.857,192.074,223.35,192.161,177.427,191.135,200.883,191.14,223.356
forehand,fb08e8c6923aef40eb612435ab7a9243,17,206.772,148.12,214.584,151.04,212.638,160.833,0,0,198.925,145.226,191.154,160.809,192.074,158.849,205.769,181.34,198.934,203.822,192.127,222.412,193.109,177.454,192.059,200.886,192.058,222.439
forehand,fb08e8c6923aef40eb612435ab7a9243,18,206.796,148.105,214.574,151.011,211.657,160.861,0,0,198.975,145.223,192.149,160.789,191.168,156.911,205.785,180.383,199.906,200.914,196.989,219.476,194.052,177.445,192.077,199.925,192.104,221.411
forehand,fb08e8c6923aef40eb612435ab7a9243,19,206.78,146.161,214.559,148.129,212.627,161.817,203.83,166.655,198.963,145.167,193.063,160.78,192.065,155.937,206.702,180.365,199.966,202.833,198.891,221.43,195.014,177.446,192.096,199.97,192.124,222.44
forehand,fb08e8c6923aef40eb612435ab7a9243,1,214.558,150.038,216.548,151.045,215.538,166.7,229.211,163.74,208.75,146.182,214.6,160.867,226.299,161.78,206.729,183.279,215.541,212.635,213.584,238.077,198.905,179.404,198.952,201.879,193.062,227.298
forehand,fb08e8c6923aef40eb612435ab7a9243,20,206.804,145.182,214.576,146.162,212.644,161.805,207.794,175.478,199.879,144.225,194.046,159.856,192.084,159.822,206.77,178.4,201.873,201.862,199.923,222.425,196.989,176.472,192.121,199.971,192.104,224.362
forehand,fb08e8c6923aef40eb612435ab7a9243,21,207.718,144.212,214.572,145.159,212.62,160.818,206.694,167.687,199.95,143.227,196.988,158.865,192.091,160.792,207.702,178.402,205.756,200.911,202.842,222.411,197.976,176.478,192.142,199.947,192.118,224.356
forehand,fb08e8c6923aef40eb612435ab7a9243,22,207.733,144.143,214.585,144.197,212.611,160.804,205.767,165.683,199.969,142.233,197.982,157.871,194.045,160.777,207.764,177.421,205.795,199.927,205.793,222.391,198.946,176.441,193.086,199.904,192.148,224.341
forehand,fb08e8c6923aef40eb612435ab7a9243,2,213.618,150.042,215.573,151.982,214.614,167.608,222.429,166.699,209.683,146.185,214.559,159.869,222.396,164.748,204.804,183.252,214.556,211.647,211.655,238.075,196.991,178.435,198.903,201.863,192.133,227.273
forehand,fb08e8c6923aef40eb612435ab7a9243,3,214.531,150.047,215.617,151.979,214.537,167.644,220.468,168.668,208.727,146.188,206.768,163.733,222.338,167.64,203.81,182.33,210.683,209.714,208.729,239.025,195.044,178.416,196.965,200.936,193.07,224.39
forehand,fb08e8c6923aef40eb612435ab7a9243,4,213.62,149.076,214.605,151.046,208.705,166.683,215.583,171.565,210.679,146.163,207.738,161.79,216.543,169.646,200.902,181.331,207.733,208.739,207.694,239.019,194.069,177.455,195.043,199.964,193.077,223.387
forehand,fb08e8c6923aef40eb612435ab7a9243,5,210.668,151.975,214.569,153,207.769,167.686,213.619,177.42,207.716,150.039,204.807,162.777,214.536,171.573,199.956,182.292,206.74,207.783,205.777,238.063,193.089,178.4,195.031,199.96,193.072,223.353
forehand,fb08e8c6923aef40eb612435ab7a9243,6,208.704,151.975,213.601,153.033,207.698,169.613,213.599,179.386,205.771,148.116,192.061,154.978,192.096,167.658,199.892,182.301,205.744,207.745,200.915,237.995,192.136,178.419,197.952,202.843,193.099,224.358
forehand,fb08e8c6923aef40eb612435ab7a9243,7,207.773,151.993,214.541,153.963,207.789,171.567,214.533,184.308,204.786,148.115,192.143,152.992,0,0,199.936,182.294,200.9,205.795,196.978,227.281,192.118,177.453,195.999,203.818,193.102,226.307
forehand,fb08e8c6923aef40eb612435ab7a9243,8,207.783,150.054,215.533,153.978,211.644,174.473,215.565,191.136,200.896,144.226,190.112,145.148,190.166,151.047,200.906,181.345,199.889,205.774,194.081,228.278,192.06,176.491,197.929,204.784,195.029,227.286
forehand,fb08e8c6923aef40eb612435ab7a9243,9,207.758,150.064,215.544,154.006,214.525,175.452,217.516,190.141,199.938,144.192,188.18,151.029,191.14,151.02,201.862,182.312,198.9,202.85,192.117,223.365,192.105,177.45,194.081,201.874,192.149,222.417
forehand,fc25335ab39079d8e22500aebbe20b08,0,232.189,154.939,242.943,159.799,269.336,175.475,291.813,152.056,223.364,152.034,245.849,167.694,0,0,225.357,227.301,229.219,286.933,203.822,335.804,211.647,223.354,201.864,274.194,175.47,316.232
forehand,fc25335ab39079d8e22500aebbe20b08,10,215.606,160.856,224.37,167.645,223.39,206.723,238.983,224.385,207.704,155.944,183.317,168.61,188.173,192.092,208.745,232.171,232.204,285.93,230.23,347.498,191.16,229.258,179.416,283.966,147.143,325.075
forehand,fc25335ab39079d8e22500aebbe20b08,11,214.616,159.833,229.23,167.634,234.117,212.644,254.715,235.124,199.952,152.011,176.46,167.672,183.314,185.26,212.609,231.214,230.225,284.932,231.173,347.543,191.082,227.284,180.371,278.151,153.961,324.09
forehand,fc25335ab39079d8e22500aebbe20b08,12,214.562,159.797,231.2,168.628,239.001,209.716,260.548,223.418,196.99,147.157,175.514,171.583,184.302,175.497,214.535,231.216,227.292,284.941,230.241,343.615,190.107,229.221,177.449,277.181,161.781,326.048
forehand,fc25335ab39079d8e22500aebbe20b08,13,211.636,155.929,230.185,162.781,236.069,199.947,247.809,206.782,192.142,149.071,177.473,177.462,178.404,169.599,212.626,230.201,223.413,279.14,231.212,339.726,189.148,225.343,176.477,272.258,168.662,327.003
forehand,fc25335ab39079d8e22500aebbe20b08,14,211.634,152.964,224.377,158.879,231.186,192.06,231.185,191.087,197.946,145.226,183.253,178.414,191.157,183.285,213.618,228.265,222.394,277.139,234.143,330.901,191.095,223.376,176.454,266.391,175.455,320.147
forehand,fc25335ab39079d8e22500aebbe20b08,15,209.704,153.021,222.442,159.811,220.431,190.159,0,0,197.967,148.13,184.242,185.248,0,0,215.565,226.301,222.361,276.176,238.054,326.036,193.077,223.372,175.459,262.521,174.512,317.225
forehand,fc25335ab39079d8e22500aebbe20b08,16,208.724,154.945,222.362,159.822,214.61,191.12,0,0,197.969,152.056,186.235,191.128,176.484,167.67,216.568,229.231,222.416,277.163,240,325.081,196.967,226.312,174.463,265.429,169.632,317.231
forehand,fc25335ab39079d8e22500aebbe20b08,17,207.759,158.83,218.505,159.864,213.591,192.123,0,0,197.964,154.013,191.134,196.968,174.511,179.405,217.506,230.2,223.368,278.094,244.867,326.058,198.936,229.238,170.619,266.405,168.612,321.126
forehand,fc25335ab39079d8e22500aebbe20b08,18,207.762,160.804,216.531,160.829,200.89,200.886,176.437,185.252,198.961,160.795,193.076,199.953,174.483,187.203,217.54,230.219,223.416,279.143,246.851,326.05,199.916,230.2,170.608,272.249,168.597,331.854
forehand,fc25335ab39079d8e22500aebbe20b08,19,208.718,161.829,216.531,160.84,193.108,158.838,177.42,148.129,200.908,164.74,198.905,206.785,174.496,191.065,217.508,233.153,223.347,282.04,247.839,327.967,199.912,234.124,170.612,277.109,169.633,335.789
forehand,fc25335ab39079d8e22500aebbe20b08,1,229.227,157.871,238.003,160.782,258.569,178.424,279.118,157.892,220.462,153.026,251.709,173.54,269.355,164.73,222.381,231.185,231.219,287.906,206.747,335.802,207.718,226.319,192.116,278.131,160.824,320.15
forehand,fc25335ab39079d8e22500aebbe20b08,20,207.74,163.746,212.643,160.836,191.145,154.966,172.547,150.06,202.834,168.614,200.924,208.726,176.505,192.109,215.583,238.057,222.398,285,247.832,326.012,199.93,238.999,169.612,277.186,171.568,334.833
forehand,fc25335ab39079d8e22500aebbe20b08,21,206.743,164.728,208.732,161.782,191.108,159.818,178.406,153.975,200.924,168.638,205.747,211.643,181.336,196.025,215.558,239.03,217.536,285.937,246.841,325.034,199.946,239.024,168.647,278.093,169.653,334.828
forehand,fc25335ab39079d8e22500aebbe20b08,22,205.766,163.732,207.717,160.825,191.1,162.787,176.462,158.836,200.88,167.636,206.712,208.709,177.427,192.099,216.552,236.074,214.601,284.951,245.855,324.035,200.922,237.043,168.647,277.185,169.652,336.79
forehand,fc25335ab39079d8e22500aebbe20b08,23,200.911,161.802,205.776,160.833,185.268,165.688,172.536,163.742,198.956,165.689,207.741,198.929,0,0,214.595,237.052,213.615,284.93,245.826,323.084,199.889,236.102,168.641,277.165,170.587,337.754
forehand,fc25335ab39079d8e22500aebbe20b08,24,202.838,161.797,205.8,159.858,190.133,166.688,173.539,164.729,199.959,165.717,205.794,199.919,184.281,191.111,213.605,237.047,214.549,283.961,245.85,323.08,198.932,236.102,168.655,278.111,169.636,337.744
forehand,fc25335ab39079d8e22500aebbe20b08,2,223.42,158.844,230.263,160.788,246.873,184.247,270.345,159.822,216.564,153.976,241.953,175.503,0,0,215.586,232.179,238.063,283.963,211.644,330.894,201.874,228.282,185.282,282.031,152.025,324.083
forehand,fc25335ab39079d8e22500aebbe20b08,3,221.413,160.788,224.347,161.805,238.071,190.112,261.481,166.654,215.577,157.878,235.11,180.372,260.5,165.707,212.636,234.129,240.987,277.152,215.578,329.941,198.899,231.187,182.322,285.001,146.173,325.08
forehand,fc25335ab39079d8e22500aebbe20b08,4,217.539,164.733,223.376,167.64,230.181,195.995,251.714,174.484,213.595,161.781,229.257,184.304,0,0,207.784,238.045,240.034,276.17,222.435,332.834,192.1,234.14,177.426,287.909,145.149,326.998
forehand,fc25335ab39079d8e22500aebbe20b08,5,216.559,167.624,221.435,168.684,222.37,200.918,240,183.273,213.602,163.739,222.384,183.31,0,0,206.778,238.055,239.036,277.159,230.221,339.676,191.103,236.08,177.461,287.912,144.188,328.945
forehand,fc25335ab39079d8e22500aebbe20b08,7,214.61,168.663,215.598,170.609,212.641,206.746,230.252,205.762,211.662,167.638,213.571,198.941,223.421,199.901,206.718,239.003,238.022,283.009,231.251,343.625,192.083,237.064,176.506,290.836,144.181,328.956
forehand,fc25335ab39079d8e22500aebbe20b08,8,216.552,167.655,216.547,168.639,211.66,205.8,229.219,215.576,215.578,165.699,214.616,199.907,225.355,206.794,206.772,238.015,238.001,283.975,230.25,344.605,192.105,235.113,178.438,286.927,145.136,326.015
forehand,fc25335ab39079d8e22500aebbe20b08,9,216.533,165.686,219.469,166.688,214.625,200.887,229.258,222.38,214.558,160.865,198.905,177.476,225.354,215.595,207.741,233.177,236.104,284.957,230.268,347.514,192.146,231.181,180.367,284.992,145.21,325.063
forehand,fc853e405bfb01ee4789653832fedfbe,0,400.159,290.4,388.399,288.467,427.566,329.636,468.72,306.083,413.816,290.436,437.396,315.937,466.739,294.378,396.201,409.941,458.881,490.314,441.293,588.31,388.431,408.003,400.203,498.121,366.903,590.177
forehand,fc853e405bfb01ee4789653832fedfbe,10,456.97,315.916,431.582,319.745,400.192,355.102,386.464,327.667,478.503,311.983,0,0,0,0,449.113,429.467,515.763,507.835,505.93,603.976,455.035,423.664,458.916,500.073,415.818,570.544
forehand,fc853e405bfb01ee4789653832fedfbe,11,458.967,306.22,443.249,312.042,415.866,366.913,406.047,353.083,476.537,304.168,480.484,337.508,511.875,349.145,449.113,419.747,515.728,505.928,505.924,603.881,460.843,415.846,453.029,492.26,415.775,564.727
forehand,fc853e405bfb01ee4789653832fedfbe,12,456.959,304.229,460.939,313.933,453.07,366.868,462.908,398.204,447.195,300.218,415.907,339.429,0,0,460.863,415.864,511.796,502.023,505.908,603.924,437.366,413.876,451.092,484.439,417.829,556.856
forehand,fc853e405bfb01ee4789653832fedfbe,13,453.092,300.263,472.641,311.999,490.222,374.67,523.495,407.971,433.452,288.413,404.057,329.595,427.626,349.217,458.967,413.827,509.862,496.132,505.991,601.994,429.605,409.979,456.937,472.604,427.629,552.918
forehand,fc853e405bfb01ee4789653832fedfbe,14,453.027,300.212,478.535,315.92,517.72,372.745,560.783,398.228,429.478,282.6,400.078,321.76,421.686,362.936,462.817,411.918,509.89,494.236,507.861,599.969,429.538,406.051,458.961,462.826,429.543,541.233
forehand,fc853e405bfb01ee4789653832fedfbe,15,453.051,290.543,478.544,308.156,523.597,364.923,564.729,368.75,429.594,274.728,390.374,306.212,415.781,339.46,460.923,404.123,511.884,492.273,507.945,596.104,429.507,400.096,449.111,449.184,427.507,535.317
forehand,fc853e405bfb01ee4789653832fedfbe,16,451.118,290.548,480.452,306.105,517.672,351.121,494.172,321.835,425.61,276.703,382.591,304.165,408.031,306.113,472.626,409.979,523.584,492.315,509.785,590.166,431.459,398.245,439.339,447.21,415.783,525.531
forehand,fc853e405bfb01ee4789653832fedfbe,17,449.106,290.444,476.579,304.087,523.598,333.496,556.929,306.148,421.709,278.67,372.784,306.131,398.156,304.184,476.535,406.03,529.453,490.237,509.966,584.33,435.418,400.115,429.538,449.144,400.136,525.479
forehand,fc853e405bfb01ee4789653832fedfbe,18,449.181,290.443,482.428,292.454,539.254,306.057,554.886,259.085,415.88,286.566,374.689,321.744,394.258,311.985,478.61,413.807,539.258,486.389,517.706,580.374,439.34,408.021,417.834,460.796,384.481,523.513
forehand,fc853e405bfb01ee4789653832fedfbe,19,449.209,290.554,488.286,290.388,539.342,284.574,527.551,241.511,413.937,294.405,382.454,337.569,413.873,337.419,490.226,413.817,541.181,482.498,525.638,580.403,445.174,413.853,415.803,462.938,368.916,525.57
forehand,fc853e405bfb01ee4789653832fedfbe,1,400.159,290.4,388.399,288.467,427.566,329.636,468.72,306.083,413.816,290.436,437.396,315.937,466.739,294.378,396.201,409.941,458.881,490.314,441.293,588.31,388.431,408.003,400.203,498.121,366.903,590.177
forehand,fc853e405bfb01ee4789653832fedfbe,20,447.267,300.193,486.361,290.412,537.235,270.813,511.818,227.748,413.905,304.241,390.341,358.992,429.574,353.11,492.141,413.855,541.168,490.23,539.256,586.318,445.279,415.839,415.836,474.61,357.113,539.213
forehand,fc853e405bfb01ee4789653832fedfbe,21,447.201,304.223,480.489,290.523,525.564,261.041,505.98,219.916,413.932,317.839,398.247,378.633,431.609,366.787,492.297,415.895,541.137,492.154,539.322,586.219,447.196,425.601,415.841,488.271,357.079,550.975
forehand,fc853e405bfb01ee4789653832fedfbe,24,439.322,317.806,474.615,302.211,521.571,270.797,496.17,221.892,400.177,331.548,400.187,394.307,433.48,384.522,492.168,429.542,539.254,496.228,539.315,588.226,441.295,437.383,413.91,511.897,380.511,600.018
forehand,fc853e405bfb01ee4789653832fedfbe,2,407.986,290.52,386.438,290.468,419.772,323.818,460.894,296.388,427.616,290.433,468.709,310.021,476.528,270.796,400.11,413.804,462.838,490.296,455.027,590.222,413.91,409.928,406.011,503.967,366.817,588.237
forehand,fc853e405bfb01ee4789653832fedfbe,3,413.835,292.395,392.318,290.552,419.773,319.9,460.941,276.787,431.53,290.501,488.279,306.054,492.166,259.161,406.039,415.831,464.876,492.227,472.675,590.19,415.844,413.865,413.822,503.97,366.826,586.253
forehand,fc853e405bfb01ee4789653832fedfbe,4,417.814,292.454,396.273,290.56,413.909,319.764,447.165,270.876,445.156,292.446,494.169,302.135,507.796,263.025,409.974,417.76,474.565,494.148,492.258,594.122,429.55,415.79,429.532,498.121,368.731,574.558
forehand,fc853e405bfb01ee4789653832fedfbe,5,427.583,292.451,398.183,292.395,409.932,319.775,433.435,274.765,456.928,292.487,507.857,298.317,525.46,263.022,413.944,417.769,478.606,496.173,503.987,601.95,431.578,415.822,445.161,496.154,380.515,560.815
forehand,fc853e405bfb01ee4789653832fedfbe,6,433.463,302.243,411.915,302.198,398.193,321.752,415.829,270.858,460.971,302.16,511.807,300.206,543.206,270.803,417.835,419.735,490.275,496.221,503.964,605.86,443.208,415.891,453.096,494.275,384.591,562.752
forehand,fc853e405bfb01ee4789653832fedfbe,7,445.149,306.095,415.829,308.087,386.447,327.692,400.244,268.892,470.699,304.08,521.585,302.229,566.702,274.789,429.514,429.522,498.156,502.069,503.985,605.835,445.239,423.688,460.871,500.057,400.16,570.572
backhand,d5310fc3173d55440d56e39bc1457ccf,4,635.187,288.451,668.602,288.527,0,0,0,0,599.969,288.424,0,0,0,0,682.377,415.865,650.99,533.353,656.828,603.983,647.022,429.495,649.016,535.367,723.405,633.227
backhand,d5310fc3173d55440d56e39bc1457ccf,5,633.34,278.734,668.591,280.638,682.317,337.553,0,0,599.921,280.634,607.856,339.442,0,0,682.227,413.859,654.841,523.6,658.747,605.838,639.156,421.691,645.023,525.621,711.736,625.484
backhand,d5310fc3173d55440d56e39bc1457ccf,6,633.27,274.824,668.614,274.861,688.179,321.868,0,0,594.123,274.823,605.878,335.493,0,0,678.393,411.871,650.916,519.636,660.755,603.862,635.194,415.889,635.354,523.515,705.757,627.447
backhand,d5310fc3173d55440d56e39bc1457ccf,7,631.311,272.817,664.689,274.736,699.937,319.886,688.184,272.776,592.183,272.722,596.075,329.643,0,0,672.462,407.971,648.949,511.894,662.632,603.848,631.285,413.861,633.306,519.685,695.88,633.225
backhand,d5310fc3173d55440d56e39bc1457ccf,8,631.331,270.88,666.545,272.786,707.703,294.371,697.983,243.424,592.142,270.792,0,0,0,0,668.637,406.071,648.919,509.821,662.617,605.879,623.528,413.825,629.339,515.756,678.32,627.386
backhand,d5310fc3173d55440d56e39bc1457ccf,9,629.374,266.944,662.652,270.825,713.619,288.464,686.241,237.536,592.164,264.968,0,0,0,0,666.644,406.026,649.013,505.944,660.69,603.911,619.688,411.911,619.553,521.659,666.644,629.379
backhand,d7fcc38d48b00e0941685d907bacae48,0,323.288,119.815,338.961,113.019,347.717,145.266,0,0,307.641,121.834,315.496,160.926,303.743,192.25,348.726,185.405,329.162,246.027,324.283,286.142,328.182,191.228,327.24,246.066,356.547,293.971
backhand,d7fcc38d48b00e0941685d907bacae48,10,321.343,109.078,340.882,105.208,380.074,96.341,418.153,75.8385,301.821,112.016,286.184,141.367,263.649,167.813,340.931,182.443,333.072,236.253,324.3,288.113,316.472,183.434,306.691,238.19,327.219,288.087
backhand,d7fcc38d48b00e0941685d907bacae48,11,321.338,109.096,340.915,106.119,381.053,97.3286,418.142,78.7706,301.771,112.01,285.121,142.344,260.709,167.796,340.902,183.394,333.127,239.165,324.301,292.008,316.436,184.381,307.671,238.233,323.29,287.124
backhand,d7fcc38d48b00e0941685d907bacae48,12,321.349,111.983,340.931,106.198,381.03,98.3435,413.31,82.6589,301.744,112.966,284.151,140.394,254.869,167.769,340.888,183.407,333.129,237.201,325.289,286.121,315.489,184.38,308.663,239.205,320.385,290.037
backhand,d7fcc38d48b00e0941685d907bacae48,13,321.359,112.011,340.946,108.087,381.046,102.224,417.178,83.6795,300.824,112.98,279.273,141.368,251.875,167.769,340.91,183.394,333.145,238.157,327.21,286.123,315.473,184.413,309.588,240.18,317.454,291.983
backhand,d7fcc38d48b00e0941685d907bacae48,1,324.267,117.866,340.912,112.032,356.522,134.509,341.903,136.438,306.686,121.764,309.597,160.9,294.939,195.164,347.763,184.394,332.08,241.137,324.285,286.121,325.273,189.284,325.307,245.99,355.625,293.945
backhand,d7fcc38d48b00e0941685d907bacae48,2,322.338,114.949,340.876,110.049,364.387,120.793,373.196,116.897,303.754,120.82,304.737,159.894,289.078,193.234,346.787,183.419,333.051,238.235,324.275,286.126,324.311,187.333,324.305,245.061,355.545,292.967
backhand,d7fcc38d48b00e0941685d907bacae48,3,320.39,113.927,339.917,106.2,369.265,111.987,386.873,105.185,302.776,119.805,301.768,155.043,285.126,191.238,342.878,183.397,332.118,235.266,324.299,286.128,323.282,185.392,322.308,244.049,351.683,291.041
backhand,d7fcc38d48b00e0941685d907bacae48,4,319.397,112.962,339.902,105.205,371.243,105.135,395.682,96.3614,301.841,115.946,298.829,154.078,279.295,187.349,342.856,182.421,332.09,234.294,324.295,286.101,320.376,184.416,317.455,241.142,348.723,287.137
backhand,d7fcc38d48b00e0941685d907bacae48,5,320.361,111.053,339.938,105.123,371.234,99.3032,401.558,90.4695,302.763,114.935,293.986,152.126,277.309,183.429,341.904,180.496,329.171,232.343,325.235,285.121,319.416,183.442,315.469,240.167,345.812,287.12
backhand,d7fcc38d48b00e0941685d907bacae48,6,321.352,110.058,339.957,105.143,375.154,97.3316,403.569,83.6538,302.798,113.023,293.95,147.255,274.395,178.535,341.881,181.468,331.136,234.296,324.322,285.144,318.417,183.436,311.58,239.232,342.862,286.182
backhand,d7fcc38d48b00e0941685d907bacae48,7,319.414,109.084,339.905,105.117,380.016,95.3837,414.268,76.7946,302.776,113.007,293.009,146.241,270.529,175.62,341.897,178.533,332.081,234.304,325.301,285.124,317.466,183.397,308.67,239.148,340.908,286.175
backhand,d7fcc38d48b00e0941685d907bacae48,8,319.417,110.038,339.911,105.166,380.042,93.4283,417.177,74.8794,302.785,112.972,292.952,144.314,270.446,171.679,340.957,179.518,332.122,235.268,325.285,285.178,317.428,183.393,307.64,238.212,337.963,286.131
backhand,d7fcc38d48b00e0941685d907bacae48,9,319.404,110.065,339.942,106.12,381.021,93.4245,417.225,74.8931,301.824,112.961,291.041,143.289,267.543,169.716,340.936,180.479,332.152,232.349,325.261,286.124,316.479,182.456,306.669,238.203,333.127,290.046
backhand,dde68de26611a49df2750f68601d9ab2,10,366.865,278.705,394.279,286.496,441.271,304.209,462.883,264.957,339.394,274.839,404.071,272.871,455.027,257.15,382.538,400.186,396.258,498.115,404.075,584.343,339.417,400.211,343.345,502.012,337.571,601.911
backhand,dde68de26611a49df2750f68601d9ab2,11,366.857,278.659,392.349,286.483,445.16,304.079,466.743,259.129,339.446,274.785,386.434,270.851,0,0,382.503,400.16,396.271,496.163,404.066,584.319,337.549,400.173,345.266,502.004,333.482,605.889
backhand,dde68de26611a49df2750f68601d9ab2,12,366.862,276.794,392.297,284.526,447.276,300.275,455.042,251.304,339.499,274.808,394.244,264.984,429.545,245.406,380.599,400.22,396.269,494.276,402.169,584.302,337.517,400.178,341.4,500.063,323.803,601.889
backhand,dde68de26611a49df2750f68601d9ab2,4,372.76,290.383,411.945,296.306,417.772,341.394,0,0,337.539,284.592,0,0,0,0,398.187,408.023,396.246,496.208,400.25,580.424,351.202,406.06,353.065,509.958,364.888,619.599
backhand,dde68de26611a49df2750f68601d9ab2,9,366.873,278.732,394.283,286.497,431.507,304.135,462.876,263.04,337.544,274.879,411.916,278.707,458.931,259.156,384.458,400.197,396.26,500.045,402.202,584.319,341.377,400.231,345.326,505.951,345.341,603.952
backhand,e20a083fe5167ad0048f35defe5f889d,0,82.7174,128.619,81.6898,121.817,0,0,0,0,86.586,133.548,111.995,172.646,124.716,214.696,82.6874,214.723,89.5223,270.495,125.707,311.558,98.312,214.737,86.5674,272.456,103.222,340.912
backhand,e20a083fe5167ad0048f35defe5f889d,10,81.7167,135.456,99.2908,128.654,142.347,136.432,174.586,115.92,66.016,137.498,75.8327,181.482,77.777,230.339,94.3925,216.701,74.8597,284.172,67.0624,335.049,75.8144,221.551,90.4909,285.109,130.632,339.915
backhand,e20a083fe5167ad0048f35defe5f889d,1,81.6976,125.698,89.4825,115.928,106.186,120.855,115.946,111.014,80.7217,133.539,106.154,169.732,126.668,210.82,77.7944,212.77,81.6702,270.495,113.979,317.433,91.4987,212.78,87.5671,271.456,103.184,341.916
backhand,e20a083fe5167ad0048f35defe5f889d,2,79.723,124.726,87.572,114.946,112.939,121.764,126.696,107.108,74.8102,133.516,104.205,168.796,122.802,204.961,74.8309,212.763,73.8857,266.58,106.142,330.165,89.5431,211.797,89.5189,277.341,104.158,335.061
backhand,e20a083fe5167ad0048f35defe5f889d,3,75.8122,125.717,86.5886,115.922,114.007,120.832,131.583,106.113,68.9794,133.521,99.3155,168.74,120.774,200.02,71.9223,214.694,73.835,269.491,90.4761,323.295,86.5638,213.76,86.5685,273.42,105.195,339.931
backhand,e20a083fe5167ad0048f35defe5f889d,5,69.9607,128.604,82.6571,119.836,119.839,121.811,142.355,105.211,60.1952,133.53,90.5159,168.753,112.973,201.995,65.0787,213.753,67.9845,271.452,66.9881,331.133,80.693,212.768,89.4992,278.306,108.114,340.949
backhand,e20a083fe5167ad0048f35defe5f889d,6,70.9407,128.61,87.5592,120.818,120.778,126.662,146.237,106.171,58.2344,133.545,84.6314,168.714,106.175,205.93,65.0562,215.689,68.0063,276.359,59.1599,332.122,75.8455,214.726,89.5477,278.351,112.95,341.914
backhand,e20a083fe5167ad0048f35defe5f889d,8,73.8976,130.629,90.4877,125.726,131.572,128.638,159.913,111.043,59.1901,137.432,81.6484,175.604,94.4093,214.727,71.904,219.607,69.9528,284.15,55.2947,335.039,72.9016,220.578,91.4845,283.21,121.785,340.931
backhand,e20a083fe5167ad0048f35defe5f889d,9,75.8431,133.521,94.4045,128.594,137.414,133.531,166.776,113.975,61.1437,137.456,79.7303,178.546,87.5537,223.51,70.9317,222.533,71.8973,285.138,59.2074,336.035,73.8856,222.518,90.5382,284.147,127.642,339.963
backhand,e2ae3c63b9b38137ec20c5342e9c5ea6,0,364.423,144.312,356.527,150.164,352.668,180.503,354.58,167.779,373.213,138.439,397.67,152.148,375.155,157.017,380.032,198.076,366.36,231.383,378.093,272.431,389.838,195.155,376.144,239.221,386.923,292.978
backhand,e2ae3c63b9b38137ec20c5342e9c5ea6,10,373.22,137.46,387.857,131.569,406.47,145.291,412.349,153.123,362.396,144.267,364.426,169.746,367.315,199.107,395.739,192.251,380.059,233.312,381.009,271.478,381.016,196.14,372.218,236.225,393.705,276.328
backhand,e2ae3c63b9b38137ec20c5342e9c5ea6,11,374.185,136.494,388.83,129.647,410.333,138.442,419.162,148.221,362.431,143.307,363.427,171.679,363.419,200.017,395.663,191.242,380.029,231.376,382.967,270.479,378.085,192.265,371.26,233.316,389.837,269.538
backhand,e2ae3c63b9b38137ec20c5342e9c5ea6,12,376.129,136.448,390.796,129.636,411.376,136.462,425.967,144.319,362.443,140.374,362.397,169.737,358.514,197.129,394.742,190.277,380.078,230.376,382.01,269.52,375.156,191.263,370.278,232.333,389.806,269.503
backhand,e2ae3c63b9b38137ec20c5342e9c5ea6,13,376.13,135.508,390.792,129.593,416.227,135.501,426.981,139.414,362.416,138.451,358.549,173.651,355.594,199.083,394.732,191.224,380.057,230.395,382.982,269.49,374.16,192.217,368.303,233.331,388.838,268.511
backhand,e2ae3c63b9b38137ec20c5342e9c5ea6,14,378.098,134.512,393.73,128.676,419.135,136.431,433.873,142.338,363.381,137.457,356.61,168.739,350.696,198.084,395.687,190.264,383.964,230.392,381.057,269.512,376.136,191.262,366.356,231.406,387.861,268.536
backhand,e2ae3c63b9b38137ec20c5342e9c5ea6,15,379.066,134.524,395.666,128.686,423.079,137.461,439.702,145.303,363.416,137.454,355.586,174.6,347.748,199.063,395.703,191.226,382.976,231.329,380.071,269.526,377.117,192.218,365.358,231.367,386.891,270.494
backhand,e2ae3c63b9b38137ec20c5342e9c5ea6,16,379.093,134.525,395.719,129.597,420.18,138.453,442.645,149.197,363.404,137.45,354.609,172.647,342.889,198.073,395.723,191.219,385.872,231.344,380.039,270.466,375.153,192.215,365.364,232.34,383.94,270.496
backhand,e2ae3c63b9b38137ec20c5342e9c5ea6,17,380.02,135.461,396.711,129.605,426.033,144.283,443.621,153.097,363.395,137.478,352.636,170.691,340.961,193.213,395.749,191.216,385.896,231.334,379.094,269.513,375.15,192.22,365.391,232.364,382.022,271.472
backhand,e2ae3c63b9b38137ec20c5342e9c5ea6,18,380.077,134.517,398.637,129.615,425.056,145.296,443.651,158.988,363.441,137.433,349.734,168.713,340.876,191.201,395.744,191.23,385.898,231.33,379.092,269.496,374.183,192.211,369.264,231.395,382.011,272.446
backhand,e2ae3c63b9b38137ec20c5342e9c5ea6,19,381.011,135.501,400.59,130.587,426.005,152.067,442.68,166.804,363.425,137.467,349.752,165.798,339.935,186.383,396.71,191.273,387.841,231.404,380.084,272.445,375.161,192.233,371.185,231.352,385.891,277.349
backhand,e2ae3c63b9b38137ec20c5342e9c5ea6,1,365.361,149.197,356.541,153.09,364.368,172.658,350.717,182.448,374.182,145.272,395.713,159.926,374.178,168.737,379.076,198.096,365.409,231.348,379.019,272.437,388.872,197.106,376.115,240.16,387.839,291.995
backhand,e2ae3c63b9b38137ec20c5342e9c5ea6,20,381.996,135.475,401.549,130.601,425.015,153.135,438.738,173.618,364.376,137.407,350.68,161.905,339.923,184.365,396.699,192.232,387.918,233.294,380.088,273.42,375.153,192.245,372.209,232.32,386.845,278.315
backhand,e2ae3c63b9b38137ec20c5342e9c5ea6,21,382.979,135.473,402.498,130.605,422.109,157.981,435.839,177.56,364.394,136.504,349.745,160.942,340.916,179.524,398.619,192.22,389.824,232.34,386.857,248.033,376.132,192.223,376.125,237.225,386.898,278.338
backhand,e2ae3c63b9b38137ec20c5342e9c5ea6,2,364.374,150.144,356.548,153.095,356.607,176.558,348.787,194.166,371.265,145.241,395.661,160.89,382.96,176.558,379.05,199.094,370.241,238.187,379.025,273.43,388.843,199.056,374.174,241.139,387.826,291.022
backhand,e2ae3c63b9b38137ec20c5342e9c5ea6,3,364.401,152.097,360.474,153.094,363.371,180.493,354.591,204.947,370.257,150.148,392.742,167.786,380.085,191.252,383.939,199.105,372.184,240.19,379.034,275.383,393.705,199.071,375.147,243.08,387.843,288.111
backhand,e2ae3c63b9b38137ec20c5342e9c5ea6,4,364.416,152.099,362.445,152.13,370.234,179.527,364.367,199.109,368.317,151.159,386.915,173.644,380.052,201.024,386.903,199.097,372.241,241.155,379.052,276.333,392.738,199.087,376.141,244.062,387.845,286.156
backhand,e2ae3c63b9b38137ec20c5342e9c5ea6,5,367.325,152.101,368.316,149.192,370.233,197.13,348.759,221.589,365.388,153.111,381.044,175.587,380.061,203.95,394.702,198.08,374.178,242.13,379.064,276.318,388.845,200.08,374.172,244.066,387.911,286.13
backhand,e2ae3c63b9b38137ec20c5342e9c5ea6,6,367.308,146.276,372.195,144.256,372.231,176.583,0,0,363.425,151.163,379.092,175.588,379.064,203.976,395.674,198.092,373.201,240.17,380.039,273.4,387.89,200.074,373.232,242.112,388.872,284.173
backhand,e2ae3c63b9b38137ec20c5342e9c5ea6,7,369.293,145.272,377.098,141.343,386.921,168.754,0,0,362.427,150.174,375.165,173.629,374.189,201.998,395.7,197.107,379.055,239.165,379.102,273.421,386.897,199.099,373.232,239.211,390.788,280.283
backhand,e2ae3c63b9b38137ec20c5342e9c5ea6,8,371.279,144.274,382.015,138.434,396.663,160.895,0,0,361.46,146.267,372.195,168.784,372.231,200.09,395.691,196.155,379.071,238.219,380.023,271.479,382.978,199.098,373.211,239.175,391.793,278.283
backhand,e2ae3c63b9b38137ec20c5342e9c5ea6,9,372.235,140.382,386.865,136.454,405.465,157.994,410.351,159.966,361.46,145.259,369.26,169.726,371.184,200.099,395.724,193.233,380.078,238.16,380.053,272.447,381.049,199.038,372.266,238.206,393.707,277.339
backhand,e63f4f60f84ed258e11c169ffeaa7d04,0,419.186,149.188,410.312,152.079,402.576,176.616,393.737,196.146,431.898,146.234,451.459,170.714,434.824,192.222,426.005,203.007,407.438,236.233,409.377,283.192,442.631,204.93,430.922,254.821,468.074,293.976
backhand,e63f4f60f84ed258e11c169ffeaa7d04,10,418.173,136.451,433.824,128.674,458.313,128.621,478.853,120.826,402.573,142.325,402.491,175.617,395.666,203.982,433.792,197.099,416.23,239.193,410.347,282.208,413.307,198.11,404.499,245.035,427.981,286.125
backhand,e63f4f60f84ed258e11c169ffeaa7d04,11,418.183,136.487,433.878,129.643,462.2,128.662,482.738,120.821,402.547,142.321,397.636,175.611,388.871,205.938,432.872,198.079,412.334,239.184,410.388,280.281,412.302,199.043,402.564,244.077,426.038,287.117
backhand,e63f4f60f84ed258e11c169ffeaa7d04,12,418.186,137.407,434.798,130.633,464.153,129.673,487.617,121.775,402.514,142.33,394.755,175.618,386.872,206.868,433.801,197.11,417.23,239.173,410.333,283.179,412.343,198.073,403.535,244.074,425.046,289.058
backhand,e63f4f60f84ed258e11c169ffeaa7d04,13,418.158,137.431,433.884,130.644,466.152,134.489,488.62,124.732,401.563,143.307,393.712,176.57,380.019,206.926,433.847,197.101,418.206,240.148,410.337,283.202,411.374,199.064,405.479,246.029,425.012,292.943
backhand,e63f4f60f84ed258e11c169ffeaa7d04,14,418.149,137.446,433.872,131.59,465.167,136.443,488.65,128.664,401.533,143.331,387.912,176.555,378.088,202.032,434.79,196.127,419.162,241.137,410.358,283.211,411.365,199.04,407.444,246.027,425.968,293.002
backhand,e63f4f60f84ed258e11c169ffeaa7d04,15,418.182,137.437,434.843,133.538,466.142,136.505,489.616,129.676,400.591,142.343,386.926,175.582,374.165,200.025,434.796,197.13,419.177,244.075,410.373,284.152,411.34,199.044,409.369,246.97,426.017,293.939
backhand,e63f4f60f84ed258e11c169ffeaa7d04,16,418.227,137.447,435.837,134.503,470.039,140.372,493.519,135.454,400.578,142.343,386.866,171.701,372.268,194.195,434.841,198.074,420.154,243.108,411.348,284.141,411.353,199.041,410.344,247.003,426.959,293.954
backhand,e63f4f60f84ed258e11c169ffeaa7d04,1,419.179,147.219,414.286,147.236,409.397,175.569,391.78,200.03,426.013,146.281,441.692,177.545,427.965,201.036,425.052,202.007,408.423,237.226,409.407,282.216,440.664,205.888,428.969,253.888,466.162,292.993
backhand,e63f4f60f84ed258e11c169ffeaa7d04,2,419.171,145.281,416.228,145.296,414.28,175.558,399.616,190.269,424.037,145.26,433.806,176.545,425.997,203.985,426.003,201.018,410.346,233.333,410.327,281.234,435.82,202.003,427.032,250.923,466.093,292.966
backhand,e63f4f60f84ed258e11c169ffeaa7d04,3,419.175,143.331,419.182,140.391,0,0,0,0,419.175,144.31,429.929,175.632,421.148,203.004,426.03,200.059,410.407,237.241,410.334,281.246,433.814,201.041,425.997,246.982,464.162,290.028
backhand,e63f4f60f84ed258e11c169ffeaa7d04,4,419.175,138.45,425.985,136.463,433.828,169.75,0,0,414.274,143.327,425.048,176.538,418.15,204.945,431.892,199.057,411.309,237.232,410.336,281.243,429.933,200.055,422.107,245.024,458.327,286.107
backhand,e63f4f60f84ed258e11c169ffeaa7d04,5,419.188,137.455,427.999,132.568,433.845,168.724,0,0,411.332,143.317,419.186,175.59,414.27,203.952,433.849,194.18,411.337,238.198,410.309,282.22,426.962,198.09,419.179,242.11,455.369,284.147
backhand,e63f4f60f84ed258e11c169ffeaa7d04,6,418.209,136.508,426.045,130.619,444.598,136.447,451.483,136.476,410.384,142.335,413.323,175.631,411.325,204.925,433.833,195.179,411.371,240.167,409.404,282.207,425.053,199.037,418.204,243.093,450.508,282.24
backhand,e63f4f60f84ed258e11c169ffeaa7d04,7,418.225,136.461,429.916,129.634,458.295,129.668,466.11,128.608,409.357,141.361,410.405,175.557,410.317,202.976,433.82,197.11,411.345,240.147,409.406,282.221,422.088,199.04,412.354,240.168,448.49,283.182
backhand,e63f4f60f84ed258e11c169ffeaa7d04,8,418.217,136.433,431.903,128.665,451.458,128.619,471.956,122.774,405.482,142.322,408.418,173.632,403.551,202.022,432.868,198.077,411.308,241.159,409.392,284.159,418.218,199.072,410.381,242.115,441.701,283.197
backhand,e63f4f60f84ed258e11c169ffeaa7d04,9,418.19,136.459,433.799,128.652,456.329,128.591,474.92,120.852,403.512,143.293,403.536,174.606,399.61,202.017,432.85,199.036,412.315,242.106,409.389,283.208,416.234,200.05,407.448,244.084,435.792,285.177
backhand,ea4b98c2b279d4910026502803422917,8,547.309,130.596,562.958,126.691,590.378,119.844,613.794,105.119,533.631,136.437,531.648,168.767,525.799,194.208,561.029,188.329,533.612,231.32,511.119,258.73,551.254,191.241,555.149,237.186,593.298,275.367
backhand,ec811bd29274787e30ec687acd3435d5,0,302.767,143.33,294.959,144.276,291.018,171.678,281.231,193.244,310.586,142.34,333.053,161.914,318.396,184.408,316.478,192.198,293.994,216.674,287.148,262.653,329.173,192.249,315.466,240.18,356.581,267.538
backhand,ec811bd29274787e30ec687acd3435d5,11,305.695,127.66,318.421,120.818,347.748,106.119,367.32,89.5178,292.984,131.562,300.766,160.919,294.008,191.258,323.278,185.382,293.936,228.409,287.141,262.664,308.61,187.354,291.03,228.428,316.42,267.53
backhand,ec811bd29274787e30ec687acd3435d5,13,308.649,127.648,324.269,120.812,354.59,106.154,377.103,90.526,293.963,130.609,295.906,160.911,292.945,191.273,324.315,185.378,296.881,227.454,291.023,261.704,308.607,185.4,293.017,228.429,316.413,270.485
backhand,ec811bd29274787e30ec687acd3435d5,14,309.631,127.654,326.248,120.842,356.529,107.109,379.084,90.4787,293.991,130.62,293.919,161.889,289.062,192.268,325.241,187.35,301.774,230.403,288.095,262.69,304.737,190.24,297.885,231.344,317.446,274.377
backhand,ec811bd29274787e30ec687acd3435d5,1,302.795,140.386,300.777,140.397,293.959,171.684,279.27,192.243,308.629,140.384,322.326,168.754,310.618,192.194,315.456,191.266,293.94,215.71,287.148,262.648,325.256,192.219,310.573,239.211,352.668,262.691
backhand,ec811bd29274787e30ec687acd3435d5,2,302.75,139.423,301.806,138.432,300.795,167.762,286.172,182.416,301.788,144.271,312.532,168.799,302.791,193.185,313.539,191.226,292.988,215.736,287.152,262.648,323.272,192.223,309.635,239.177,348.764,262.63
backhand,ec811bd29274787e30ec687acd3435d5,3,301.808,137.409,311.574,131.59,0,0,0,0,293.934,142.328,307.623,169.746,300.759,197.1,325.273,189.301,292.987,213.737,288.092,262.659,317.425,192.244,307.632,237.239,342.854,259.735
backhand,ec811bd29274787e30ec687acd3435d5,7,301.745,130.634,313.506,124.74,333.1,115.93,346.779,106.115,291.016,137.46,297.878,168.74,293.972,199.038,323.285,188.304,292.985,228.4,287.13,262.65,309.646,191.249,293.957,229.414,326.25,254.858
backhand,f71a68d56d84d8c2378ce2a371a0faef,0,338.937,143.305,325.29,145.273,320.39,161.921,311.596,173.649,348.752,137.493,371.22,159.915,355.581,166.775,343.867,201.028,328.216,245.047,335.044,288.082,356.581,201.014,333.058,246.031,359.506,299.8
backhand,f71a68d56d84d8c2378ce2a371a0faef,10,347.721,128.67,356.58,126.677,380.066,121.803,399.597,111.038,337.965,129.636,339.961,159.891,326.245,184.402,355.574,195.164,339.922,245.059,337.981,287.129,340.917,195.162,340.884,245.981,369.277,293.012
backhand,f71a68d56d84d8c2378ce2a371a0faef,11,347.754,128.68,357.553,127.641,386.88,120.777,428.001,89.5157,337.012,129.637,339.955,157.019,327.205,183.442,356.534,194.178,339.923,245.05,337.973,287.129,340.945,194.2,339.956,245.064,367.326,292.994
backhand,f71a68d56d84d8c2378ce2a371a0faef,12,348.705,128.659,359.508,127.628,386.925,120.81,430.9,91.4642,338.922,129.621,339.909,156.034,328.215,182.428,356.585,193.223,339.953,245.041,338.916,287.137,341.926,194.179,339.969,245.053,368.285,293.931
backhand,f71a68d56d84d8c2378ce2a371a0faef,13,348.746,129.603,362.436,128.632,391.787,120.804,421.128,98.3604,337.96,129.641,337.958,157.993,329.165,182.443,358.543,195.169,340.944,245.991,338.917,288.102,342.866,196.148,340.913,246.012,369.293,294.943
backhand,f71a68d56d84d8c2378ce2a371a0faef,14,349.734,129.608,364.384,128.65,395.703,120.828,425.014,101.268,337.984,129.647,334.095,157.979,328.184,182.441,361.442,196.143,342.89,246,338.945,289.063,343.848,197.13,341.895,246.032,371.187,294.945
backhand,f71a68d56d84d8c2378ce2a371a0faef,15,353.621,129.635,367.341,128.689,399.614,121.778,425.026,105.151,339.882,129.669,332.135,160.928,325.319,182.45,363.374,195.173,346.765,246.001,338.952,287.127,344.813,196.126,345.793,246.052,372.186,297.859
backhand,f71a68d56d84d8c2378ce2a371a0faef,16,354.628,130.584,371.205,129.624,403.48,121.852,428.944,105.178,339.898,130.634,332.085,161.94,323.308,185.378,364.368,196.151,347.765,246.977,339.886,287.121,346.78,197.11,348.768,246.997,373.178,298.861
backhand,f71a68d56d84d8c2378ce2a371a0faef,17,355.578,134.488,371.24,131.585,407.429,122.805,433.877,106.184,339.926,135.455,332.069,162.872,319.403,188.304,366.35,198.09,349.713,246.988,339.881,287.148,348.718,198.1,351.667,246.992,375.146,300.833
backhand,f71a68d56d84d8c2378ce2a371a0faef,18,356.537,135.476,372.227,132.573,408.404,127.676,435.789,112.025,340.875,136.446,330.142,166.757,315.495,193.244,369.281,199.056,351.674,247.968,339.898,288.086,349.752,199.063,355.591,247.97,375.152,301.787
backhand,f71a68d56d84d8c2378ce2a371a0faef,1,337.973,143.322,326.237,144.318,317.436,167.744,306.67,178.539,347.775,141.346,367.326,161.935,349.713,173.631,342.885,200.036,332.114,246.984,335.048,287.146,354.597,200.071,333.054,246.991,361.431,299.815
backhand,f71a68d56d84d8c2378ce2a371a0faef,2,337.994,142.329,332.087,143.28,323.306,161.897,305.706,177.591,343.837,140.394,363.425,166.767,341.927,181.452,342.878,199.049,333.076,246.983,336.031,288.094,352.658,199.102,334.088,247.002,363.365,299.807
backhand,f71a68d56d84d8c2378ce2a371a0faef,3,338.952,137.485,333.061,138.413,324.274,162.906,301.833,177.595,342.88,137.434,355.602,167.811,338.921,184.456,345.803,199.038,336.016,246.046,337,288.091,350.684,200.025,337.006,246.975,363.39,295.928
backhand,f71a68d56d84d8c2378ce2a371a0faef,4,340.909,136.441,346.761,133.549,340.906,165.821,0,0,337.992,137.425,348.698,167.722,333.093,190.282,352.658,198.109,337.985,246.993,336.03,288.113,347.781,199.099,339.947,247.017,364.421,295.914
backhand,f71a68d56d84d8c2378ce2a371a0faef,5,340.948,135.497,348.78,131.566,354.578,166.773,0,0,333.128,137.432,344.825,167.751,330.132,192.25,350.709,197.117,339.893,246.035,336.042,288.101,346.782,199.053,340.922,246.046,367.313,294.929
backhand,f71a68d56d84d8c2378ce2a371a0faef,6,342.865,134.493,353.638,129.677,352.634,162.896,0,0,333.13,136.451,341.875,167.727,327.214,192.236,351.69,196.127,339.959,245.997,336.993,287.139,341.881,198.084,341.876,245.992,370.259,294
backhand,f71a68d56d84d8c2378ce2a371a0faef,7,344.831,130.629,355.596,129.605,352.647,161.906,0,0,334.071,133.525,340.901,164.833,325.257,191.245,354.625,193.226,340.876,244.049,337.002,287.119,339.97,195.182,340.945,244.05,371.241,293.952
backhand,f71a68d56d84d8c2378ce2a371a0faef,8,344.841,129.63,354.62,127.681,371.214,128.61,379.041,120.837,335.065,131.59,339.952,164.838,325.288,190.236,354.602,192.261,339.975,243.09,337.017,287.109,340.906,193.235,340.913,243.105,371.233,292.982
backhand,f71a68d56d84d8c2378ce2a371a0faef,9,346.79,129.605,356.551,127.654,376.125,123.762,394.666,113.971,336.997,130.604,339.945,160.954,325.3,186.343,355.584,193.209,339.971,242.105,337.952,286.163,340.901,193.236,340.906,242.115,371.192,292.993
backhand,fa6f3c11b41cde04de4181297d7d2538,0,302.775,124.735,296.884,125.699,293.976,147.22,279.273,161.928,309.628,123.744,317.484,148.215,307.634,164.851,310.613,172.675,302.759,206.916,300.824,238.173,319.39,173.628,310.587,209.857,339.901,242.113
backhand,fa6f3c11b41cde04de4181297d7d2538,10,301.806,111.034,315.477,106.155,334.063,98.3417,355.584,82.7241,291.976,113.956,286.156,138.451,282.206,160.96,317.461,161.922,306.672,201.019,301.753,238.161,301.779,164.842,293.009,205.885,316.494,238.213
backhand,fa6f3c11b41cde04de4181297d7d2538,11,302.753,111.983,316.483,106.167,337.978,98.3471,356.577,82.6841,291.967,113.977,286.125,140.367,279.313,162.872,317.466,161.927,306.689,200.035,301.779,236.257,300.807,164.832,292.964,202.036,310.597,238.22
backhand,fa6f3c11b41cde04de4181297d7d2538,1,302.777,120.824,308.659,118.837,301.782,145.282,291.999,152.142,299.81,123.751,308.605,146.268,300.787,166.776,322.342,167.759,305.693,204.958,300.823,238.181,315.494,168.784,310.625,206.917,338.948,238.237
backhand,fa6f3c11b41cde04de4181297d7d2538,2,302.761,119.804,314.486,113.984,322.299,136.464,0,0,293.01,121.805,300.767,146.255,295.905,167.815,324.283,166.798,307.644,205.887,300.821,238.172,310.628,168.758,310.627,206.889,339.898,237.21
backhand,fa6f3c11b41cde04de4181297d7d2538,3,301.76,118.868,313.504,113.95,319.388,129.616,0,0,291.975,121.804,293.987,146.261,292.025,168.781,322.314,163.855,307.636,202.997,300.829,238.168,308.667,167.763,309.619,204.922,337.956,234.283
backhand,fa6f3c11b41cde04de4181297d7d2538,5,301.763,113.938,313.522,107.15,333.136,104.203,347.746,97.3597,291.042,119.842,292.937,144.304,286.12,167.801,317.48,161.89,304.719,202.993,300.843,238.187,302.786,164.823,303.763,202.994,334.056,234.297
backhand,fa6f3c11b41cde04de4181297d7d2538,6,301.782,112.952,314.48,106.126,334.088,99.3232,349.735,90.4694,292.024,116.924,292.948,143.301,285.154,166.809,317.437,160.956,302.779,202.025,300.839,238.2,302.791,163.864,300.842,202.976,332.106,233.327
backhand,fa6f3c11b41cde04de4181297d7d2538,7,300.838,111.988,311.572,105.206,334.054,97.3475,340.923,90.4643,291.017,114.967,292.01,142.345,285.106,164.827,317.423,161.898,302.766,202.007,300.849,238.186,302.748,163.878,298.859,202.985,329.18,233.319
backhand,fa6f3c11b41cde04de4181297d7d2538,8,301.764,111.014,313.509,105.197,335.048,96.3546,357.567,81.6668,291.034,114.005,291.986,139.423,284.171,161.899,317.439,161.921,303.737,201.015,301.791,237.214,301.808,164.837,295.938,202.989,324.263,231.389
backhand,fa6f3c11b41cde04de4181297d7d2538,9,301.784,111.027,314.497,106.11,339.915,95.372,363.376,78.7392,291.965,113.988,289.064,141.354,283.177,161.94,317.431,161.918,302.772,201.013,301.808,234.307,301.764,163.868,294.945,202.98,321.336,236.245
backhand,fd4aee59ead9765edbd235b52f23dc6b,16,521.552,272.746,552.954,274.724,609.816,306.202,603.95,253.207,488.351,266.956,525.552,272.844,0,0,541.237,411.903,554.985,519.637,566.645,615.69,494.239,413.844,494.284,523.635,474.584,633.32
backhand,ffa432689c4615bb0788e19bc7823c7d,0,293,137.468,278.357,142.329,269.504,166.759,274.396,147.237,307.651,134.515,319.405,153.109,296.884,139.397,289.053,199.056,276.321,231.37,267.556,273.402,308.626,199.036,315.452,242.114,345.82,286.103
backhand,ffa432689c4615bb0788e19bc7823c7d,10,263.671,127.635,254.866,126.691,238.181,136.503,219.613,144.31,272.458,127.663,280.278,154.065,256.772,160.935,263.656,182.447,262.656,223.565,263.652,269.538,276.318,182.446,275.36,224.513,306.655,263.656
backhand,ffa432689c4615bb0788e19bc7823c7d,11,262.685,125.712,257.773,123.756,240.142,137.402,221.574,142.318,269.47,127.638,276.332,154.088,253.855,166.793,262.682,180.482,261.68,222.572,263.66,269.513,271.49,180.473,276.323,222.554,305.685,262.682
backhand,ffa432689c4615bb0788e19bc7823c7d,12,262.687,124.739,260.708,122.808,241.152,136.501,222.57,139.433,265.609,126.693,270.515,153.133,251.889,168.767,265.61,177.552,274.398,221.546,304.727,262.66,268.54,178.545,261.672,221.584,262.706,269.484
backhand,ffa432689c4615bb0788e19bc7823c7d,13,261.648,123.764,256.797,122.789,240.158,134.515,224.523,137.425,262.673,126.662,269.498,153.146,249.956,174.583,263.649,176.619,275.38,221.542,302.799,262.624,264.636,178.547,260.707,222.52,262.688,269.493
backhand,ffa432689c4615bb0788e19bc7823c7d,14,258.753,122.789,255.809,121.842,260.695,148.225,0,0,261.633,123.768,269.455,152.154,251.894,175.552,264.632,176.585,276.323,221.554,301.776,261.712,263.619,178.524,260.678,222.506,262.674,269.482
backhand,ffa432689c4615bb0788e19bc7823c7d,15,254.866,122.788,252.867,121.827,260.682,146.262,0,0,259.711,123.762,268.523,152.091,254.868,173.641,264.607,176.59,275.356,220.609,300.796,262.621,262.642,178.54,256.804,222.553,262.683,269.478
backhand,ffa432689c4615bb0788e19bc7823c7d,16,252.885,121.789,247.997,121.764,0,0,0,0,254.825,121.811,266.579,146.279,259.702,170.713,262.662,176.562,273.411,220.574,299.822,262.632,260.679,177.567,255.833,222.525,262.687,269.502
backhand,ffa432689c4615bb0788e19bc7823c7d,17,251.91,121.77,247.054,121.786,0,0,0,0,254.801,120.85,262.667,143.296,263.655,166.8,260.685,177.568,271.475,220.614,296.897,261.712,257.767,179.498,256.773,222.572,262.659,269.516
backhand,ffa432689c4615bb0788e19bc7823c7d,18,249.946,120.798,248.985,119.816,0,0,0,0,249.946,120.859,262.643,145.237,263.665,167.739,261.652,177.546,269.483,219.635,293.975,263.622,254.84,178.546,255.84,222.532,262.645,269.51
backhand,ffa432689c4615bb0788e19bc7823c7d,19,248.975,120.826,254.809,117.89,262.656,129.646,0,0,246.055,121.809,257.769,138.411,269.537,159.932,257.764,176.555,255.828,221.551,262.643,269.459,254.851,176.591,267.544,219.601,291.985,264.607
backhand,ffa432689c4615bb0788e19bc7823c7d,1,291.971,137.407,277.334,140.4,265.595,166.796,269.472,153.122,303.749,133.524,318.433,152.149,294.95,138.444,285.197,196.157,269.487,230.358,266.56,273.415,303.733,198.064,308.676,241.157,339.941,279.313
backhand,ffa432689c4615bb0788e19bc7823c7d,20,247.982,120.816,254.828,116.909,268.515,121.826,276.322,121.777,244.061,122.77,255.797,137.446,264.619,153.115,260.706,176.559,261.709,222.504,262.649,269.47,251.876,177.566,258.737,222.533,289.063,267.548
backhand,ffa432689c4615bb0788e19bc7823c7d,21,247.019,120.785,254.823,115.922,270.505,122.818,278.289,121.775,242.113,121.798,253.874,136.43,262.668,153.067,254.827,176.589,254.872,222.579,262.667,268.537,250.916,177.552,261.709,222.54,285.14,268.499
backhand,ffa432689c4615bb0788e19bc7823c7d,22,246.066,119.827,253.842,114.944,271.45,127.629,278.36,124.716,241.153,120.822,252.87,137.457,260.71,154.075,253.859,177.548,254.828,223.524,261.698,267.551,248.969,178.527,257.772,223.515,279.297,269.535
backhand,ffa432689c4615bb0788e19bc7823c7d,23,246.026,120.771,253.822,115.943,277.304,130.628,285.15,124.728,239.144,121.756,248.995,138.432,258.758,159.924,255.822,177.567,253.855,223.51,262.704,264.632,246.048,180.502,252.888,223.556,274.386,268.528
backhand,ffa432689c4615bb0788e19bc7823c7d,25,245.991,120.854,253.883,119.844,283.199,137.458,275.383,130.624,237.207,121.82,245.979,141.351,249.944,167.757,255.793,178.54,254.872,223.512,261.684,268.541,241.123,182.435,246.01,226.468,264.63,269.496
backhand,ffa432689c4615bb0788e19bc7823c7d,26,245.999,121.788,254.837,120.766,276.333,137.403,286.131,144.259,235.258,122.795,239.148,145.271,239.185,175.593,254.876,177.575,254.863,223.493,262.674,269.48,241.144,180.485,239.156,224.504,259.73,270.486
backhand,ffa432689c4615bb0788e19bc7823c7d,27,245.063,121.841,255.798,120.817,272.465,137.476,284.144,151.11,232.322,124.724,234.276,152.101,232.354,176.542,255.844,178.526,254.852,223.531,262.64,270.464,243.083,180.495,237.235,223.518,250.935,271.489
backhand,ffa432689c4615bb0788e19bc7823c7d,28,246,122.797,257.772,121.787,273.407,142.344,282.224,153.138,232.333,124.741,230.369,153.077,224.532,182.413,256.776,181.466,254.867,223.573,262.624,269.482,240.166,182.457,231.345,223.532,241.133,269.528
backhand,ffa432689c4615bb0788e19bc7823c7d,29,245.024,124.717,257.759,121.846,275.359,147.222,279.287,167.765,230.362,126.695,224.51,154.09,216.697,177.547,255.813,182.435,255.825,225.474,262.648,270.486,238.202,183.434,230.339,228.401,232.355,275.369
backhand,ffa432689c4615bb0788e19bc7823c7d,2,288.083,136.484,275.383,138.448,261.668,163.843,265.58,153.13,301.794,133.528,316.478,152.119,293.959,137.461,280.276,194.199,264.617,230.345,264.62,270.523,300.799,196.144,302.75,241.133,336.018,277.333
backhand,ffa432689c4615bb0788e19bc7823c7d,30,240.196,124.717,255.829,122.768,270.456,147.24,277.352,167.74,225.498,126.696,220.607,154.104,207.847,184.367,254.883,182.434,254.874,224.546,262.654,269.539,236.257,183.418,224.516,229.362,224.531,276.366
backhand,ffa432689c4615bb0788e19bc7823c7d,31,240.151,125.7,255.794,122.796,269.512,152.129,274.39,177.542,224.506,127.658,214.765,155.063,200.075,183.427,254.845,182.427,254.842,225.483,261.711,270.451,233.319,183.436,222.592,230.334,218.626,277.3
backhand,ffa432689c4615bb0788e19bc7823c7d,32,239.169,127.641,254.875,124.721,268.487,156.049,270.509,184.42,222.571,128.655,207.841,159.972,192.248,184.45,254.863,183.448,253.895,226.463,262.65,269.529,231.366,185.365,221.574,231.348,214.765,279.28
backhand,ffa432689c4615bb0788e19bc7823c7d,33,238.206,128.604,254.838,127.657,262.694,158.939,264.641,186.352,221.564,128.678,203.969,157.972,191.287,180.483,253.842,184.411,253.812,228.403,262.642,270.451,230.372,185.39,217.665,231.393,214.743,281.233
backhand,ffa432689c4615bb0788e19bc7823c7d,3,285.151,136.455,270.496,137.49,255.845,160.983,262.625,151.124,299.799,132.565,315.455,152.155,292.992,137.435,277.36,195.149,261.695,230.324,262.709,271.452,295.919,195.174,294.963,239.174,331.117,274.38
backhand,ffa432689c4615bb0788e19bc7823c7d,4,284.146,135.483,269.487,137.41,253.873,158.988,259.7,149.181,296.879,132.542,311.581,153.144,292.981,137.468,273.424,193.227,258.755,229.404,262.698,271.468,292.958,193.215,291.965,238.241,323.304,272.438
backhand,ffa432689c4615bb0788e19bc7823c7d,5,278.28,134.505,263.631,136.437,251.912,157.029,254.868,145.266,292.983,130.614,308.621,153.106,289.063,137.462,270.496,192.222,257.761,229.366,262.703,270.509,291.006,192.195,285.187,236.243,313.526,269.461
backhand,ffa432689c4615bb0788e19bc7823c7d,6,271.442,131.601,257.778,134.506,245.051,154.119,251.909,145.253,285.183,130.587,301.774,153.112,287.119,144.301,270.458,191.26,257.777,228.426,262.703,270.527,286.168,191.205,281.253,233.332,308.648,269.52
backhand,ffa432689c4615bb0788e19bc7823c7d,7,269.507,130.625,254.875,130.636,239.225,151.124,250.923,142.342,282.232,129.677,296.879,153.089,267.557,145.281,269.474,187.355,259.732,225.507,262.701,271.451,285.131,185.414,277.306,230.364,307.619,270.46
backhand,ffa432689c4615bb0788e19bc7823c7d,8,269.456,129.616,254.862,129.584,236.226,147.219,242.123,141.354,279.286,129.614,292.991,153.121,270.469,153.131,269.523,183.417,276.316,228.427,302.764,264.632,279.28,183.432,260.718,223.533,263.623,270.499
serve,d9b46daaae755fd22485ceeb9e01f246,11,422.112,244.554,420.768,245.855,420.784,278.485,436.467,296.777,424.692,243.255,444.296,247.171,454.753,245.877,422.075,304.6,423.391,350.233,411.644,398.581,423.382,303.278,432.497,348.943,450.78,384.247
serve,d9b46daaae755fd22485ceeb9e01f246,37,423.38,225.016,431.211,215.858,442.923,192.394,444.27,166.277,414.27,234.153,0,0,0,0,457.299,266.753,478.214,309.829,496.452,356.785,441.61,274.584,444.336,317.591,444.28,359.452
serve,d9b46daaae755fd22485ceeb9e01f246,38,423.421,225.052,432.516,214.59,442.988,193.679,444.31,181.889,414.251,236.739,418.149,252.417,0,0,456.028,266.781,482.114,308.574,500.395,352.911,440.364,275.871,444.236,311.149,444.263,338.542
serve,d9b46daaae755fd22485ceeb9e01f246,40,423.397,235.424,433.854,226.28,453.408,226.297,448.187,214.54,412.918,244.597,420.787,274.561,427.307,277.192,456.027,275.915,483.423,315.053,506.899,351.625,440.32,286.298,444.317,329.418,453.347,371.147
serve,d9b46daaae755fd22485ceeb9e01f246,41,423.393,239.339,435.104,232.809,458.637,235.444,453.368,249.786,411.689,245.941,414.262,268.105,423.331,277.216,455.991,277.179,480.792,318.967,506.924,351.643,440.323,286.308,444.314,329.433,453.333,371.177
serve,d9b46daaae755fd22485ceeb9e01f246,42,423.406,244.497,437.716,235.426,456.018,249.805,453.417,265.452,411.62,251.08,411.675,274.583,418.151,283.726,457.345,278.53,474.309,319.031,502.997,346.387,441.647,287.63,444.281,332.004,453.357,372.503
serve,d9b46daaae755fd22485ceeb9e01f246,43,423.412,245.877,437.747,241.928,450.764,253.709,0,0,411.661,253.703,411.621,275.915,411.578,278.496,458.615,281.117,471.647,322.875,497.756,343.764,441.669,287.661,443.005,330.76,453.331,372.486
serve,d9b46daaae755fd22485ceeb9e01f246,44,423.387,245.926,437.726,243.217,454.705,260.242,450.806,266.75,411.621,254.947,410.305,277.222,405.11,295.421,457.331,279.816,466.455,325.497,496.487,348.975,441.629,287.623,441.619,332.012,453.337,372.51
serve,d9b46daaae755fd22485ceeb9e01f246,45,423.354,245.832,435.155,241.957,444.276,255.055,0,0,411.624,251.09,411.588,274.585,402.543,288.942,456.05,277.239,463.867,322.864,489.934,350.274,441.619,286.289,439.021,328.135,452.093,371.122
serve,d9b46daaae755fd22485ceeb9e01f246,46,422.123,243.267,435.11,236.788,448.171,255.04,0,0,411.615,245.906,411.567,273.305,402.492,286.365,454.763,277.175,459.912,320.27,484.683,350.289,439.054,284.989,439.051,328.064,452.114,371.136
serve,d9b46daaae755fd22485ceeb9e01f246,47,422.119,238.058,433.867,235.421,445.596,255.002,0,0,411.58,243.279,411.562,265.497,403.82,285.027,454.696,277.162,454.751,320.262,475.582,358.075,436.44,282.416,441.603,328.044,452.103,371.211
serve,d9b46daaae755fd22485ceeb9e01f246,48,423.342,236.752,436.427,235.382,453.433,254.991,454.691,266.791,410.329,241.946,408.992,266.713,406.391,279.824,453.416,277.171,454.687,319.002,466.441,360.779,433.839,282.43,439.061,326.777,448.191,365.937
serve,d9b46daaae755fd22485ceeb9e01f246,6,424.706,247.157,424.704,249.774,424.727,284.997,444.272,299.369,424.708,245.882,435.157,277.152,453.34,287.691,420.759,304.576,424.695,349.031,411.583,397.262,415.556,301.989,431.195,348.97,448.154,388.135
serve,d9b46daaae755fd22485ceeb9e01f246,7,423.435,245.923,422.078,247.223,422.117,284.998,441.632,298.06,427.289,245.87,441.627,271.989,454.709,286.392,419.449,305.871,423.346,350.235,411.593,397.274,420.776,302.016,433.779,348.939,446.897,388.146
serve,d9b46daaae755fd22485ceeb9e01f246,8,423.423,245.868,420.759,245.915,422.026,279.784,436.438,298.047,429.904,245.843,441.63,266.777,456.031,279.829,418.135,304.621,423.348,348.988,411.612,397.249,427.276,303.284,433.868,347.672,446.871,388.14
serve,d9b46daaae755fd22485ceeb9e01f246,9,423.341,245.856,422.048,245.939,422.037,278.497,436.411,298.074,423.408,244.566,441.617,264.121,461.21,274.569,422.02,305.877,426.022,349.02,411.627,397.278,422.071,304.593,432.509,347.685,448.178,388.131
serve,e78f10e76266d1b1919f5370e2bc18cf,13,536.877,249.78,527.778,248.47,526.428,286.317,527.829,307.227,546.034,252.359,569.533,264.131,598.269,256.355,525.188,324.203,527.827,380.314,526.458,441.606,531.706,324.189,529.085,380.316,526.488,433.859
serve,e78f10e76266d1b1919f5370e2bc18cf,15,536.91,248.465,523.875,248.52,517.386,286.27,517.366,308.583,548.712,245.93,570.882,245.833,590.472,234.164,527.785,322.9,529.096,380.306,526.496,440.348,542.142,322.892,540.853,380.271,534.282,433.791
serve,e78f10e76266d1b1919f5370e2bc18cf,25,536.94,247.208,519.994,256.269,496.441,270.68,510.822,245.905,552.595,239.334,569.558,204.07,581.34,176.694,536.977,326.796,547.34,386.854,526.493,442.941,557.854,321.603,578.629,371.167,568.211,425.99
serve,e78f10e76266d1b1919f5370e2bc18cf,28,538.246,255.027,525.201,264.144,501.707,282.428,514.701,254.96,553.903,244.594,565.628,214.555,576.073,183.196,546.068,329.386,553.885,389.469,526.524,442.974,564.333,326.786,587.791,373.762,568.283,425.986
serve,e78f10e76266d1b1919f5370e2bc18cf,29,540.818,256.373,527.767,266.726,504.29,284.99,514.702,258.913,555.199,247.193,563.053,215.846,569.617,185.834,548.666,330.729,557.759,390.683,527.771,442.887,568.217,328.13,589.112,376.412,568.306,427.27
serve,e78f10e76266d1b1919f5370e2bc18cf,30,543.434,264.13,527.834,268.062,505.598,287.625,517.325,255.048,557.804,256.329,555.216,234.133,560.472,221.082,549.992,332.021,559.165,388.154,527.841,441.657,569.513,329.409,590.398,376.407,568.258,424.717
serve,e78f10e76266d1b1919f5370e2bc18cf,31,539.525,258.932,526.539,271.955,505.616,291.569,517.347,258.903,553.869,245.889,557.797,213.244,564.351,181.941,551.309,334.617,561.738,390.743,527.869,441.62,569.615,329.399,591.762,375.113,568.271,424.679
serve,e78f10e76266d1b1919f5370e2bc18cf,32,539.534,261.521,527.774,273.255,508.232,295.492,517.428,261.548,552.611,247.203,557.794,217.172,560.459,183.266,556.493,334.638,568.174,390.692,531.706,436.418,570.894,329.387,595.649,377.676,569.538,424.712
serve,e78f10e76266d1b1919f5370e2bc18cf,33,542.166,265.454,529.143,275.881,514.696,296.775,518.685,264.127,556.472,254.985,555.196,214.573,557.855,174.125,557.779,335.919,569.617,389.398,535.643,435.113,572.202,329.412,598.261,377.702,569.536,423.424
serve,e78f10e76266d1b1919f5370e2bc18cf,34,543.435,266.761,531.685,277.154,517.373,298.06,522.591,265.391,556.471,256.338,556.509,217.175,557.86,181.942,559.148,335.947,572.202,389.411,538.213,433.795,576.081,329.45,598.285,377.697,569.564,424.678
serve,e78f10e76266d1b1919f5370e2bc18cf,35,546.025,266.77,535.607,275.875,525.152,298.041,525.128,266.753,556.501,257.652,556.506,226.311,556.49,187.147,559.178,334.62,576.084,386.818,540.821,432.511,576.079,329.412,598.257,377.717,569.534,424.702
serve,e78f10e76266d1b1919f5370e2bc18cf,37,546.015,265.505,536.898,275.831,538.207,296.769,0,0,553.878,256.321,555.208,218.473,557.767,184.513,560.406,329.4,578.68,380.267,550.004,423.434,576.096,326.756,590.478,376.413,569.615,427.293
serve,e78f10e76266d1b1919f5370e2bc18cf,38,542.159,257.639,536.941,266.8,542.166,286.309,535.586,266.735,547.418,249.773,552.587,215.859,560.434,183.207,560.447,326.764,579.963,377.684,556.492,424.707,574.771,321.564,589.125,376.389,568.263,424.718
serve,e78f10e76266d1b1919f5370e2bc18cf,39,540.824,256.285,535.58,264.125,551.319,275.949,548.738,257.618,547.386,247.191,548.741,224.975,561.731,196.281,559.105,320.255,580.044,369.914,566.952,423.381,570.901,317.652,585.234,369.895,568.218,422.08
serve,e78f10e76266d1b1919f5370e2bc18cf,51,522.582,256.39,538.265,253.687,557.793,278.494,0,0,505.571,265.441,506.916,296.818,0,0,561.727,298.075,589.191,339.904,611.337,375.105,538.261,308.547,547.332,360.732,553.892,414.257
serve,e78f10e76266d1b1919f5370e2bc18cf,52,519.993,262.809,538.224,255.06,552.599,277.207,0,0,505.536,266.815,505.638,298.054,505.603,307.162,559.15,304.62,586.531,346.391,621.765,378.981,536.887,316.341,547.294,363.324,556.521,419.436
serve,e78f10e76266d1b1919f5370e2bc18cf,53,521.244,265.471,538.192,261.528,553.893,283.723,0,0,505.562,269.37,505.554,299.362,504.251,308.487,559.1,308.569,581.311,355.504,621.78,375.067,535.641,318.967,544.75,367.261,555.21,419.432
serve,ea28083dcadb4fbc3c008121e5665a3e,0,456.021,245.894,463.775,248.48,463.845,283.743,484.779,292.864,452.104,244.602,465.109,278.512,483.423,287.611,452.102,303.281,454.684,350.296,441.633,399.891,442.912,300.683,458.616,350.256,475.661,389.402
serve,ea28083dcadb4fbc3c008121e5665a3e,12,452.113,241.975,449.479,247.171,452.042,277.201,472.926,288.939,454.673,234.135,463.807,214.531,470.385,197.574,454.736,305.896,462.483,350.31,442.915,398.584,463.854,302.005,475.622,346.39,480.783,386.837
serve,ea28083dcadb4fbc3c008121e5665a3e,18,453.421,247.182,452.121,255.039,452.063,288.981,474.299,292.848,454.674,240.648,453.365,206.737,444.23,181.854,467.781,309.824,478.199,356.79,444.214,397.281,475.631,307.204,496.469,348.952,484.718,388.127
serve,ea28083dcadb4fbc3c008121e5665a3e,1,454.728,245.926,457.315,249.789,458.603,285.004,479.495,295.485,453.358,245.833,463.841,278.507,480.795,287.637,448.156,303.313,453.431,350.297,441.633,399.886,444.25,301.987,461.203,350.236,475.626,389.41
serve,ea28083dcadb4fbc3c008121e5665a3e,39,463.803,252.419,474.293,245.836,484.75,265.428,0,0,452.106,257.628,454.676,281.119,453.37,298.074,497.76,286.326,516.103,325.495,546.039,334.6,480.799,295.427,484.679,335.94,495.113,372.481
serve,ea28083dcadb4fbc3c008121e5665a3e,40,463.823,254.981,474.3,247.213,484.678,265.454,0,0,453.361,258.934,454.655,281.099,449.477,296.701,497.751,286.375,510.839,328.153,542.171,333.321,480.799,295.431,482.127,335.911,493.866,372.456
serve,ea28083dcadb4fbc3c008121e5665a3e,4,453.388,244.614,453.433,245.899,452.104,282.394,467.781,296.74,452.113,244.508,470.373,268.064,484.712,283.706,445.584,303.292,453.359,349.021,441.643,399.854,450.773,300.692,465.172,347.635,475.591,386.824
serve,ea28083dcadb4fbc3c008121e5665a3e,5,452.087,244.612,453.378,245.934,452.058,279.818,465.168,296.786,449.499,244.499,471.634,262.853,486.007,275.893,448.159,304.59,453.373,349.034,441.614,399.883,448.171,300.708,465.093,346.395,475.637,386.84
serve,ea28083dcadb4fbc3c008121e5665a3e,6,452.085,244.591,452.067,245.896,448.163,279.809,465.191,296.818,452.081,243.256,466.446,257.609,486.01,264.144,448.192,304.59,453.369,349.025,441.636,399.901,452.073,303.271,465.168,347.64,475.664,386.842
backhand,00d08af8386225148c3fe159666dac73,0,192.242,136.506,211.782,130.637,225.493,159.963,207.853,174.603,175.597,142.329,190.248,183.365,180.504,222.57,223.574,207.889,205.894,276.326,201.04,315.493,202.983,214.744,205.888,277.302,231.353,332.096
backhand,00d08af8386225148c3fe159666dac73,10,192.214,121.773,214.706,116.902,252.891,100.303,286.09,74.8865,171.696,126.664,159.985,161.895,144.247,193.219,214.744,199.046,211.797,259.733,207.875,310.593,187.337,201.043,172.673,261.697,198.067,316.45
backhand,00d08af8386225148c3fe159666dac73,11,191.247,121.811,213.752,118.864,250.93,105.138,282.202,83.673,169.711,125.708,157.982,160.975,137.427,193.22,214.672,200.038,211.789,259.738,206.931,311.559,185.371,204.939,172.66,262.645,191.29,317.453
backhand,00d08af8386225148c3fe159666dac73,1,193.234,133.542,214.755,128.594,237.207,143.327,217.663,115.941,175.582,137.47,183.462,178.517,175.593,220.571,223.553,206.874,206.908,270.471,201.039,316.456,200.076,211.794,201.021,274.406,230.37,326.26
backhand,00d08af8386225148c3fe159666dac73,2,192.231,129.669,214.688,123.769,238.217,129.671,252.888,122.767,174.6,136.465,179.523,175.628,168.75,215.744,222.506,206.881,207.879,260.69,211.779,280.26,199.06,211.801,199.083,271.458,228.403,324.279
backhand,00d08af8386225148c3fe159666dac73,3,192.206,128.654,212.762,121.767,245.053,120.789,261.676,109.072,174.604,134.522,176.559,172.644,166.776,212.773,220.596,202.989,207.903,255.797,205.912,311.577,196.141,207.874,195.156,269.524,223.497,319.414
backhand,00d08af8386225148c3fe159666dac73,4,192.201,126.682,212.781,117.897,246.059,112.939,268.511,97.3501,174.597,130.638,174.627,169.734,160.952,206.938,218.624,201.022,207.904,253.886,206.883,311.562,194.194,206.87,191.284,268.542,219.606,318.412
backhand,00d08af8386225148c3fe159666dac73,5,191.275,123.763,212.76,114.968,251.896,105.148,277.3,84.638,173.652,129.622,172.678,168.718,159.915,203.984,218.646,198.095,207.874,253.868,206.89,314.494,193.219,202.985,188.298,265.576,214.679,316.435
backhand,00d08af8386225148c3fe159666dac73,6,192.226,121.806,214.678,113.991,253.858,99.3387,279.294,80.6937,174.615,128.603,170.697,164.827,154.107,200.014,216.711,197.125,207.889,254.826,206.861,316.455,192.238,202.008,184.365,264.598,209.823,316.453
backhand,00d08af8386225148c3fe159666dac73,7,192.253,120.86,214.71,113.981,250.927,98.3274,279.295,78.7431,175.548,127.632,168.743,162.891,153.071,198.081,215.707,198.106,208.851,254.877,206.912,314.5,191.274,202.018,181.448,262.68,206.922,314.491
backhand,00d08af8386225148c3fe159666dac73,8,193.193,120.827,215.683,113.944,251.892,98.3343,281.229,75.8305,175.551,126.663,167.748,161.923,151.137,196.127,214.74,199.068,210.803,259.739,205.936,313.534,191.21,202.975,176.606,261.712,205.883,316.475
backhand,00d08af8386225148c3fe159666dac73,9,192.229,121.754,214.737,114.933,251.884,98.3572,283.176,75.8364,172.677,126.691,163.865,161.923,146.278,193.218,214.729,199.085,211.809,260.676,205.937,316.433,188.314,202.98,175.556,261.669,200.059,315.478
backhand,02ac4ff80d0db729b6a7ff3e166c9019,14,168.708,114.977,180.488,109.087,205.919,92.4394,221.537,72.8795,156.035,121.809,168.767,153.137,176.548,178.517,192.244,170.695,177.582,208.877,183.38,247.038,176.612,174.613,158.956,214.723,168.789,261.651
backhand,078e9d9436ff938aa562c711ee402310,0,237.213,192.23,243.083,185.383,206.873,204.922,176.574,220.588,233.322,200.053,253.84,239.172,221.567,253.852,234.303,269.513,224.528,332.111,242.122,357.553,238.188,271.474,227.434,332.137,245.993,357.568
backhand,078e9d9436ff938aa562c711ee402310,10,233.305,184.369,254.832,182.419,297.878,182.446,327.213,168.735,214.689,184.453,202.985,220.581,188.306,248.98,247.971,258.742,237.207,309.626,236.237,357.568,223.533,261.671,223.58,320.383,238.187,357.57
backhand,078e9d9436ff938aa562c711ee402310,11,233.3,184.407,254.813,183.462,293.968,183.454,326.253,172.654,213.723,184.429,200.1,216.681,185.367,245.063,248.959,259.727,239.176,313.511,240.15,357.553,222.585,261.672,225.508,324.304,237.229,357.581
backhand,078e9d9436ff938aa562c711ee402310,12,233.299,185.404,254.807,184.447,292.016,185.364,324.277,175.567,213.729,185.408,199.114,215.701,181.459,243.082,249.958,262.655,241.141,314.492,241.148,346.784,223.517,262.674,228.414,325.296,238.228,357.584
backhand,078e9d9436ff938aa562c711ee402310,13,232.367,187.322,253.878,185.402,288.085,185.422,321.352,176.533,213.733,186.372,198.063,215.746,173.62,246.008,250.909,263.626,245.023,317.47,239.187,357.581,223.54,263.659,229.389,326.241,238.23,357.581
backhand,078e9d9436ff938aa562c711ee402310,1,238.205,191.277,250.911,185.391,216.698,198.095,194.188,203.957,224.536,196.157,232.336,238.226,214.718,253.801,247.027,267.535,231.366,329.187,240.148,357.569,230.369,269.485,230.398,331.13,252.86,357.581
backhand,078e9d9436ff938aa562c711ee402310,2,238.186,191.194,255.806,184.445,0,0,0,0,219.611,192.24,216.67,231.407,203.004,254.879,247.037,262.645,230.413,326.257,0,0,225.476,265.587,231.394,326.266,259.705,357.584
backhand,078e9d9436ff938aa562c711ee402310,3,237.198,190.259,255.822,185.397,258.739,176.548,241.145,159.937,216.674,191.269,213.709,233.324,194.193,260.678,246.03,262.644,231.35,325.257,231.349,357.587,223.533,265.582,232.351,325.27,261.676,357.588
backhand,078e9d9436ff938aa562c711ee402310,4,234.304,189.286,254.85,183.406,290.037,168.743,300.795,148.202,215.721,192.202,207.893,235.258,186.377,263.625,246.012,261.683,230.343,325.23,231.305,357.582,223.526,264.628,231.393,325.238,257.761,357.586
backhand,078e9d9436ff938aa562c711ee402310,5,233.306,187.334,253.808,182.414,280.282,172.662,308.664,162.899,216.667,192.204,206.919,234.309,183.374,264.637,241.141,262.632,228.435,325.242,231.316,357.584,222.533,263.658,230.412,325.27,254.855,357.59
backhand,078e9d9436ff938aa562c711ee402310,6,233.332,184.452,253.836,177.582,285.172,172.68,321.337,159.993,216.697,191.258,207.844,232.366,180.48,263.662,242.105,261.687,229.394,325.267,0,0,222.575,264.607,227.435,325.303,252.845,357.589
backhand,078e9d9436ff938aa562c711ee402310,7,233.316,184.424,253.837,178.544,294.96,169.752,328.195,159.956,215.758,190.273,207.869,230.373,181.461,262.712,242.123,261.646,230.413,323.316,238.173,357.582,222.561,263.626,224.526,325.226,248.001,357.585
backhand,078e9d9436ff938aa562c711ee402310,8,232.348,184.41,253.824,181.451,294,175.557,333.082,160.917,215.702,187.329,206.939,225.503,183.464,260.694,245.984,260.716,232.33,319.412,235.263,357.578,223.503,262.689,223.579,324.259,245.064,357.577
backhand,078e9d9436ff938aa562c711ee402310,9,233.31,183.457,253.861,181.455,299.826,176.589,325.307,167.784,215.699,184.421,205.881,222.569,186.355,253.851,246.038,260.698,233.302,316.47,235.266,340.916,223.513,262.662,223.557,322.324,239.216,357.568
backhand,099007c377ad1777ba5920ab433c8fd0,0,409.932,362.922,398.231,368.821,400.147,409.97,396.222,441.286,417.813,353.158,429.595,402.157,413.912,441.271,453.067,449.113,443.183,502.065,492.224,568.604,460.866,449.144,392.348,521.649,431.47,605.848
backhand,099007c377ad1777ba5920ab433c8fd0,10,413.922,351.239,445.242,353.147,482.489,372.779,476.557,321.808,382.603,351.106,0,0,0,0,447.157,456.968,449.177,494.222,478.568,562.794,406.007,462.886,388.409,537.302,409.961,599.94
backhand,099007c377ad1777ba5920ab433c8fd0,11,413.881,345.334,445.171,351.085,492.311,366.888,490.249,319.893,382.528,341.411,0,0,0,0,445.185,449.15,451.069,494.204,478.577,564.72,400.233,460.875,386.451,535.34,404.133,594.084
backhand,099007c377ad1777ba5920ab433c8fd0,12,413.809,339.389,443.292,343.325,496.136,359.008,494.301,315.874,382.535,337.461,0,0,0,0,439.366,445.291,449.19,494.225,478.506,564.703,398.166,455.003,384.514,527.557,402.097,590.202
backhand,099007c377ad1777ba5920ab433c8fd0,13,413.812,329.61,443.241,331.554,505.894,351.199,492.17,306.206,382.478,331.625,449.104,319.846,464.85,306.134,433.549,437.359,449.138,494.133,478.496,564.708,396.276,445.21,382.558,525.487,400.194,588.285
backhand,099007c377ad1777ba5920ab433c8fd0,14,411.862,323.721,443.19,323.799,507.861,343.37,492.264,310.058,380.549,321.89,392.36,351.198,0,0,431.539,433.436,447.239,492.232,478.486,562.773,392.303,441.269,382.461,523.484,398.234,588.268
backhand,099007c377ad1777ba5920ab433c8fd0,15,404.044,321.77,431.606,323.727,505.972,339.406,490.282,308.111,378.648,319.814,368.771,378.559,384.489,400.203,429.552,429.561,447.249,494.13,476.615,562.777,386.445,431.576,380.574,519.645,396.205,588.277
backhand,099007c377ad1777ba5920ab433c8fd0,3,413.894,364.923,427.571,364.834,425.619,417.818,406.057,445.278,400.252,366.801,402.089,427.55,386.476,470.663,474.645,455.002,445.206,498.087,490.286,568.614,449.168,460.825,394.317,525.496,429.604,603.983
backhand,099007c377ad1777ba5920ab433c8fd0,4,415.94,366.868,445.162,366.8,458.947,413.867,0,0,396.259,366.932,394.236,421.714,380.543,464.802,474.642,456.976,445.254,498.118,490.275,568.663,445.112,460.956,394.314,533.358,429.546,605.872
backhand,099007c377ad1777ba5920ab433c8fd0,6,419.779,364.918,451.122,364.92,462.913,404.103,0,0,392.334,366.809,382.554,415.861,0,0,462.933,458.965,447.15,502.001,484.386,568.605,429.463,464.798,396.215,539.151,423.695,603.892
backhand,099007c377ad1777ba5920ab433c8fd0,7,423.635,364.815,451.134,364.91,462.97,396.272,447.253,400.146,394.277,362.948,384.5,382.475,0,0,460.904,460.844,447.226,498.095,480.528,564.734,421.704,466.769,396.234,539.274,417.755,602.02
backhand,099007c377ad1777ba5920ab433c8fd0,8,415.931,358.988,449.137,359.039,462.878,400.2,458.945,384.465,386.419,357.066,400.168,380.535,0,0,456.932,460.919,447.288,494.305,478.627,562.782,415.824,468.741,394.311,539.333,415.801,601.916
backhand,099007c377ad1777ba5920ab433c8fd0,9,415.823,353.258,447.132,357.045,476.599,384.561,462.856,353.125,384.545,353.185,413.83,368.842,0,0,449.169,460.843,449.157,494.3,478.596,564.697,413.802,464.791,392.359,539.278,413.825,600.003
backhand,0a0839f731647ab5fedd5ad80c02becc,0,479.799,136.44,473.95,136.474,465.182,160.949,443.63,176.578,482.775,135.46,493.496,166.779,480.787,187.349,476.876,195.16,469.046,239.18,468.087,278.345,487.645,196.131,475.921,241.15,512.098,285.13
backhand,0a0839f731647ab5fedd5ad80c02becc,1,483.746,135.487,488.645,131.571,501.323,156.032,0,0,481.764,137.423,494.496,167.809,481.729,194.202,482.753,195.17,472.956,237.226,469.043,278.344,487.648,196.139,482.739,241.131,523.818,285.124
backhand,0a0839f731647ab5fedd5ad80c02becc,2,488.605,135.506,493.507,131.591,0,0,0,0,484.717,137.416,496.386,168.766,483.756,195.159,485.692,197.096,473.947,236.239,470.048,279.289,490.586,198.086,492.528,245.016,533.6,286.131
backhand,0a0839f731647ab5fedd5ad80c02becc,3,491.544,135.475,497.44,130.591,504.284,159.928,0,0,488.578,137.465,496.447,170.702,488.576,199.048,489.607,198.083,474.933,237.229,471.014,279.274,495.485,199.068,500.359,246.049,539.492,287.119
backhand,0a0839f731647ab5fedd5ad80c02becc,4,495.452,136.482,501.324,131.565,517.948,139.409,532.642,138.417,490.586,139.389,497.462,173.625,489.62,199.066,491.558,199.09,479.778,238.231,471.02,279.302,500.37,200.064,508.185,246.048,543.403,291.989